-- MariaDB dump 10.19  Distrib 10.4.32-MariaDB, for Win64 (AMD64)
--
-- Host: localhost    Database: restaurant_db
-- ------------------------------------------------------
-- Server version	10.4.32-MariaDB

/*!40101 SET @OLD_CHARACTER_SET_CLIENT=@@CHARACTER_SET_CLIENT */;
/*!40101 SET @OLD_CHARACTER_SET_RESULTS=@@CHARACTER_SET_RESULTS */;
/*!40101 SET @OLD_COLLATION_CONNECTION=@@COLLATION_CONNECTION */;
/*!40101 SET NAMES utf8mb4 */;
/*!40103 SET @OLD_TIME_ZONE=@@TIME_ZONE */;
/*!40103 SET TIME_ZONE='+00:00' */;
/*!40014 SET @OLD_UNIQUE_CHECKS=@@UNIQUE_CHECKS, UNIQUE_CHECKS=0 */;
/*!40014 SET @OLD_FOREIGN_KEY_CHECKS=@@FOREIGN_KEY_CHECKS, FOREIGN_KEY_CHECKS=0 */;
/*!40101 SET @OLD_SQL_MODE=@@SQL_MODE, SQL_MODE='NO_AUTO_VALUE_ON_ZERO' */;
/*!40111 SET @OLD_SQL_NOTES=@@SQL_NOTES, SQL_NOTES=0 */;

--
-- Table structure for table `campaigns`
--

DROP TABLE IF EXISTS `campaigns`;
/*!40101 SET @saved_cs_client     = @@character_set_client */;
/*!40101 SET character_set_client = utf8 */;
CREATE TABLE `campaigns` (
  `id` int(11) NOT NULL AUTO_INCREMENT,
  `campaign_code` varchar(50) NOT NULL,
  `discount_type` enum('percentage','flat') NOT NULL,
  `discount_value` decimal(10,2) NOT NULL,
  `min_order_value` decimal(10,2) DEFAULT 0.00,
  `max_discount` decimal(10,2) DEFAULT NULL,
  `expiry_date` datetime DEFAULT NULL,
  `is_active` tinyint(1) DEFAULT 1,
  `usage_limit` int(11) DEFAULT NULL,
  `used_count` int(11) DEFAULT 0,
  `created_at` timestamp NOT NULL DEFAULT current_timestamp(),
  PRIMARY KEY (`id`),
  UNIQUE KEY `campaign_code` (`campaign_code`)
) ENGINE=InnoDB AUTO_INCREMENT=333 DEFAULT CHARSET=utf8mb4 COLLATE=utf8mb4_general_ci;
/*!40101 SET character_set_client = @saved_cs_client */;

--
-- Dumping data for table `campaigns`
--

LOCK TABLES `campaigns` WRITE;
/*!40000 ALTER TABLE `campaigns` DISABLE KEYS */;
INSERT INTO `campaigns` VALUES (1,'SUMMER2026','percentage',10.00,0.00,NULL,NULL,1,NULL,0,'2026-06-30 00:40:05');
/*!40000 ALTER TABLE `campaigns` ENABLE KEYS */;
UNLOCK TABLES;

--
-- Table structure for table `career_applications`
--

DROP TABLE IF EXISTS `career_applications`;
/*!40101 SET @saved_cs_client     = @@character_set_client */;
/*!40101 SET character_set_client = utf8 */;
CREATE TABLE `career_applications` (
  `id` int(11) NOT NULL AUTO_INCREMENT,
  `full_name` varchar(100) NOT NULL,
  `email` varchar(100) NOT NULL,
  `mobile` varchar(20) NOT NULL,
  `position` varchar(50) NOT NULL,
  `experience` int(11) NOT NULL,
  `city` varchar(100) NOT NULL,
  `expected_salary` decimal(10,2) NOT NULL,
  `resume_path` varchar(255) NOT NULL,
  `cover_letter` text DEFAULT NULL,
  `status` enum('Pending','Reviewed','Shortlisted','Rejected') DEFAULT 'Pending',
  `applied_at` timestamp NOT NULL DEFAULT current_timestamp(),
  PRIMARY KEY (`id`)
) ENGINE=InnoDB AUTO_INCREMENT=4 DEFAULT CHARSET=utf8mb4 COLLATE=utf8mb4_general_ci;
/*!40101 SET character_set_client = @saved_cs_client */;

--
-- Dumping data for table `career_applications`
--

LOCK TABLES `career_applications` WRITE;
/*!40000 ALTER TABLE `career_applications` DISABLE KEYS */;
INSERT INTO `career_applications` VALUES (2,'Anushu','mehakdhiman296@gmail.com','01234598547','Waiter',1,'CHDh',20000.00,'uploads/resumes/resume_6a40d4a03beba_01267d92.pdf',NULL,'Rejected','2026-06-28 08:00:32'),(3,'hfhdh','testerr129@gmail.com','0213549786','Head Chef',1,'CHDh',150000.00,'uploads/resumes/resume_6a40d841bc824_ff953183.pdf',NULL,'Reviewed','2026-06-28 08:16:01');
/*!40000 ALTER TABLE `career_applications` ENABLE KEYS */;
UNLOCK TABLES;

--
-- Table structure for table `cart`
--

DROP TABLE IF EXISTS `cart`;
/*!40101 SET @saved_cs_client     = @@character_set_client */;
/*!40101 SET character_set_client = utf8 */;
CREATE TABLE `cart` (
  `id` int(11) NOT NULL AUTO_INCREMENT,
  `user_id` int(11) NOT NULL,
  `food_item_id` int(11) NOT NULL,
  `quantity` int(11) NOT NULL,
  PRIMARY KEY (`id`),
  KEY `user_id` (`user_id`),
  KEY `food_item_id` (`food_item_id`),
  CONSTRAINT `fk_cart_food` FOREIGN KEY (`food_item_id`) REFERENCES `food_items` (`id`) ON DELETE CASCADE,
  CONSTRAINT `fk_cart_users` FOREIGN KEY (`user_id`) REFERENCES `users` (`id`) ON DELETE CASCADE
) ENGINE=InnoDB AUTO_INCREMENT=59 DEFAULT CHARSET=utf8mb4 COLLATE=utf8mb4_general_ci;
/*!40101 SET character_set_client = @saved_cs_client */;

--
-- Dumping data for table `cart`
--

LOCK TABLES `cart` WRITE;
/*!40000 ALTER TABLE `cart` DISABLE KEYS */;
INSERT INTO `cart` VALUES (3,3,1,1);
/*!40000 ALTER TABLE `cart` ENABLE KEYS */;
UNLOCK TABLES;

--
-- Table structure for table `coupons`
--

DROP TABLE IF EXISTS `coupons`;
/*!40101 SET @saved_cs_client     = @@character_set_client */;
/*!40101 SET character_set_client = utf8 */;
CREATE TABLE `coupons` (
  `id` int(11) NOT NULL AUTO_INCREMENT,
  `user_id` int(11) DEFAULT NULL,
  `review_id` int(11) DEFAULT NULL,
  `coupon_code` varchar(50) NOT NULL,
  `campaign_code` varchar(50) NOT NULL,
  `discount_type` varchar(20) NOT NULL DEFAULT 'percentage',
  `discount_value` decimal(10,2) NOT NULL,
  `min_order_amount` decimal(10,2) NOT NULL DEFAULT 0.00,
  `expires_at` datetime NOT NULL,
  `redeemed_at` datetime DEFAULT NULL,
  `order_id` int(11) DEFAULT NULL,
  `status` varchar(20) NOT NULL DEFAULT 'active',
  `created_at` timestamp NOT NULL DEFAULT current_timestamp(),
  `updated_at` timestamp NOT NULL DEFAULT current_timestamp() ON UPDATE current_timestamp(),
  PRIMARY KEY (`id`),
  UNIQUE KEY `coupon_code` (`coupon_code`),
  KEY `idx_coupons_user_id` (`user_id`),
  KEY `idx_coupons_status` (`status`),
  KEY `idx_coupons_expires_at` (`expires_at`),
  KEY `fk_coupons_feedback` (`review_id`),
  KEY `fk_coupons_orders` (`order_id`)
) ENGINE=InnoDB AUTO_INCREMENT=7 DEFAULT CHARSET=utf8mb4 COLLATE=utf8mb4_general_ci;
/*!40101 SET character_set_client = @saved_cs_client */;

--
-- Dumping data for table `coupons`
--

LOCK TABLES `coupons` WRITE;
/*!40000 ALTER TABLE `coupons` DISABLE KEYS */;
INSERT INTO `coupons` VALUES (1,NULL,1,'5STAR-SUMMER2026-BBB96A83','SUMMER2026','percentage',10.00,0.00,'2026-07-06 09:23:15',NULL,NULL,'active','2026-06-06 07:23:15','2026-06-06 07:23:15'),(3,NULL,4,'5STAR-SUMMER2026-BECF2EC9','SUMMER2026','percentage',10.00,0.00,'2026-07-08 20:09:29',NULL,NULL,'active','2026-06-08 18:09:29','2026-06-08 18:09:29'),(4,12,5,'5STAR-SUMMER2026-723408D7','SUMMER2026','percentage',10.00,0.00,'2026-07-09 13:01:36',NULL,NULL,'active','2026-06-09 11:01:36','2026-06-09 11:01:36'),(6,2,7,'5STAR-SUMMER2026-BC41BD48','SUMMER2026','percentage',10.00,0.00,'2026-07-09 14:55:35',NULL,NULL,'active','2026-06-09 12:55:35','2026-06-09 12:55:35');
/*!40000 ALTER TABLE `coupons` ENABLE KEYS */;
UNLOCK TABLES;

--
-- Table structure for table `customer_tiers`
--

DROP TABLE IF EXISTS `customer_tiers`;
/*!40101 SET @saved_cs_client     = @@character_set_client */;
/*!40101 SET character_set_client = utf8 */;
CREATE TABLE `customer_tiers` (
  `id` int(11) NOT NULL AUTO_INCREMENT,
  `tier_name` varchar(50) NOT NULL,
  `discount_percent` decimal(5,2) NOT NULL DEFAULT 10.00,
  `spending_requirement` decimal(10,2) NOT NULL DEFAULT 0.00,
  `points_earning_percent` decimal(5,2) NOT NULL DEFAULT 2.00,
  PRIMARY KEY (`id`),
  UNIQUE KEY `tier_name` (`tier_name`)
) ENGINE=InnoDB AUTO_INCREMENT=5 DEFAULT CHARSET=utf8mb4 COLLATE=utf8mb4_general_ci;
/*!40101 SET character_set_client = @saved_cs_client */;

--
-- Dumping data for table `customer_tiers`
--

LOCK TABLES `customer_tiers` WRITE;
/*!40000 ALTER TABLE `customer_tiers` DISABLE KEYS */;
INSERT INTO `customer_tiers` VALUES (1,'Bronze',10.00,0.00,2.00),(2,'Silver',15.00,25000.00,2.00),(3,'Gold',20.00,75000.00,2.00),(4,'Platinum',25.00,150000.00,2.00);
/*!40000 ALTER TABLE `customer_tiers` ENABLE KEYS */;
UNLOCK TABLES;

--
-- Table structure for table `dish_customizations`
--

DROP TABLE IF EXISTS `dish_customizations`;
/*!40101 SET @saved_cs_client     = @@character_set_client */;
/*!40101 SET character_set_client = utf8 */;
CREATE TABLE `dish_customizations` (
  `id` int(11) NOT NULL AUTO_INCREMENT,
  `food_item_id` int(11) NOT NULL,
  `group_name` varchar(100) NOT NULL COMMENT 'e.g. Crust Type, Size, Toppings',
  `group_type` enum('single','multiple') DEFAULT 'single' COMMENT 'single=radio, multiple=checkbox',
  `is_required` tinyint(1) DEFAULT 0 COMMENT '1=must pick an option, 0=optional',
  `options_json` text NOT NULL COMMENT 'JSON array: [{label, price_add}]',
  `sort_order` int(11) DEFAULT 0,
  PRIMARY KEY (`id`),
  KEY `food_item_id` (`food_item_id`),
  CONSTRAINT `fk_customization_food` FOREIGN KEY (`food_item_id`) REFERENCES `food_items` (`id`) ON DELETE CASCADE
) ENGINE=InnoDB AUTO_INCREMENT=21 DEFAULT CHARSET=utf8mb4 COLLATE=utf8mb4_general_ci;
/*!40101 SET character_set_client = @saved_cs_client */;

--
-- Dumping data for table `dish_customizations`
--

LOCK TABLES `dish_customizations` WRITE;
/*!40000 ALTER TABLE `dish_customizations` DISABLE KEYS */;
INSERT INTO `dish_customizations` VALUES (2,8,'Crust Type','single',1,'[{\"label\":\"Thin Crust\",\"price_add\":0},{\"label\":\"Thick Crust\",\"price_add\":30},{\"label\":\"Stuffed Cheese Crust\",\"price_add\":70}]',2),(3,8,'Extra Toppings','multiple',0,'[{\"label\":\"Extra Mozzarella\",\"price_add\":60},{\"label\":\"Mushrooms\",\"price_add\":40},{\"label\":\"Olives\",\"price_add\":40},{\"label\":\"Jalapeños\",\"price_add\":30}]',3),(4,9,'Pizza Size','single',1,'[{\"label\":\"Regular (8\")\",\"price_add\":0},{\"label\":\"Medium (10\")\",\"price_add\":80},{\"label\":\"Large (12\")\",\"price_add\":150}]',1),(5,9,'Crust Type','single',1,'[{\"label\":\"Thin Crust\",\"price_add\":0},{\"label\":\"Thick Crust\",\"price_add\":30},{\"label\":\"Stuffed Cheese Crust\",\"price_add\":70}]',2),(6,9,'Extra Toppings','multiple',0,'[{\"label\":\"Double Pepperoni\",\"price_add\":80},{\"label\":\"Extra Mozzarella\",\"price_add\":60},{\"label\":\"Bell Peppers\",\"price_add\":40},{\"label\":\"Jalapeños\",\"price_add\":30}]',3),(7,19,'Patty Type','single',1,'[{\"label\":\"Chicken Patty\",\"price_add\":0},{\"label\":\"Beef Patty\",\"price_add\":50},{\"label\":\"Veggie Patty\",\"price_add\":-30}]',1),(8,19,'Serving Size','single',1,'[{\"label\":\"Single\",\"price_add\":0},{\"label\":\"Double\",\"price_add\":100}]',2),(9,19,'Add-ons','multiple',0,'[{\"label\":\"Extra Cheese\",\"price_add\":40},{\"label\":\"Bacon Strip\",\"price_add\":60},{\"label\":\"Fried Egg\",\"price_add\":40},{\"label\":\"Avocado\",\"price_add\":50}]',3),(10,17,'Broth Base','single',1,'[{\"label\":\"Tonkotsu (Pork)\",\"price_add\":0},{\"label\":\"Shoyu (Soy)\",\"price_add\":0},{\"label\":\"Vegan Miso\",\"price_add\":0}]',1),(11,17,'Spice Level','single',1,'[{\"label\":\"Mild\",\"price_add\":0},{\"label\":\"Medium\",\"price_add\":0},{\"label\":\"Hot 🌶\",\"price_add\":0},{\"label\":\"Extra Hot 🌶🌶\",\"price_add\":0}]',2),(12,17,'Add-ons','multiple',0,'[{\"label\":\"Extra Chashu Pork\",\"price_add\":80},{\"label\":\"Extra Egg\",\"price_add\":30},{\"label\":\"Extra Noodles\",\"price_add\":40}]',3),(13,15,'Protein Choice','single',1,'[{\"label\":\"Chicken\",\"price_add\":0},{\"label\":\"Prawns\",\"price_add\":80},{\"label\":\"Tofu (Veg)\",\"price_add\":-30}]',1),(14,15,'Spice Level','single',0,'[{\"label\":\"Mild\",\"price_add\":0},{\"label\":\"Medium\",\"price_add\":0},{\"label\":\"Hot 🌶\",\"price_add\":0}]',2),(15,22,'Sauce Choice','single',1,'[{\"label\":\"Buffalo Hot\",\"price_add\":0},{\"label\":\"BBQ Smoky\",\"price_add\":0},{\"label\":\"Honey Garlic\",\"price_add\":0},{\"label\":\"Lemon Pepper\",\"price_add\":0}]',1),(16,22,'Serving Size','single',1,'[{\"label\":\"6 Pcs\",\"price_add\":0},{\"label\":\"12 Pcs\",\"price_add\":350},{\"label\":\"18 Pcs\",\"price_add\":680}]',2),(17,26,'Flavor','single',1,'[{\"label\":\"Vanilla\",\"price_add\":0},{\"label\":\"Chocolate\",\"price_add\":0},{\"label\":\"Strawberry\",\"price_add\":0},{\"label\":\"Mixed Berry\",\"price_add\":0}]',1),(18,26,'Toppings','multiple',0,'[{\"label\":\"Hot Fudge\",\"price_add\":30},{\"label\":\"Caramel Drizzle\",\"price_add\":30},{\"label\":\"Crushed Oreo\",\"price_add\":40},{\"label\":\"Rainbow Sprinkles\",\"price_add\":20}]',2),(19,27,'Flavor Selection','single',1,'[{\"label\":\"Strawberry\",\"price_add\":0},{\"label\":\"Matcha Green Tea\",\"price_add\":0},{\"label\":\"Mango\",\"price_add\":0},{\"label\":\"Cookies & Cream\",\"price_add\":0}]',1),(20,8,'pizza crust','single',1,'[{\"label\":\"extraa cheese\",\"price_add\":1}]',0);
/*!40000 ALTER TABLE `dish_customizations` ENABLE KEYS */;
UNLOCK TABLES;

--
-- Table structure for table `feedback`
--

DROP TABLE IF EXISTS `feedback`;
/*!40101 SET @saved_cs_client     = @@character_set_client */;
/*!40101 SET character_set_client = utf8 */;
CREATE TABLE `feedback` (
  `id` int(11) NOT NULL AUTO_INCREMENT,
  `user_id` int(11) DEFAULT NULL,
  `order_number` varchar(20) DEFAULT NULL,
  `rating` int(11) NOT NULL,
  `review` text DEFAULT NULL,
  `type` varchar(50) DEFAULT 'order',
  `created_at` timestamp NOT NULL DEFAULT current_timestamp(),
  PRIMARY KEY (`id`),
  KEY `fk_feedback_orders` (`order_number`),
  KEY `fk_feedback_users` (`user_id`)
) ENGINE=InnoDB AUTO_INCREMENT=8 DEFAULT CHARSET=utf8mb4 COLLATE=utf8mb4_general_ci;
/*!40101 SET character_set_client = @saved_cs_client */;

--
-- Dumping data for table `feedback`
--

LOCK TABLES `feedback` WRITE;
/*!40000 ALTER TABLE `feedback` DISABLE KEYS */;
INSERT INTO `feedback` VALUES (1,NULL,'ORD-B3D66',5,'','order','2026-06-06 07:23:14'),(2,2,NULL,5,'Outstanding dining!','general','2026-06-06 13:29:15'),(3,NULL,'ORD-9F36E',5,'','order','2026-06-08 12:19:16'),(4,NULL,'ORD-2F383',5,'','order','2026-06-08 18:09:29'),(5,NULL,'ORD-BCE13',5,'','order','2026-06-09 11:01:36'),(6,NULL,'ORD-E930F',5,'cfhfu','order','2026-06-09 12:52:10'),(7,NULL,'ORD-4E339',5,'gyyuf','order','2026-06-09 12:55:35');
/*!40000 ALTER TABLE `feedback` ENABLE KEYS */;
UNLOCK TABLES;

--
-- Table structure for table `food_items`
--

DROP TABLE IF EXISTS `food_items`;
/*!40101 SET @saved_cs_client     = @@character_set_client */;
/*!40101 SET character_set_client = utf8 */;
CREATE TABLE `food_items` (
  `id` int(11) NOT NULL AUTO_INCREMENT,
  `name` varchar(100) NOT NULL,
  `description` text DEFAULT NULL,
  `price` decimal(10,2) NOT NULL,
  `category` varchar(50) DEFAULT NULL,
  `subcategory` varchar(50) DEFAULT NULL,
  `image_url` varchar(255) DEFAULT 'default.jpg',
  `is_available` tinyint(1) DEFAULT 1,
  `diet_type` varchar(10) DEFAULT 'veg',
  PRIMARY KEY (`id`)
) ENGINE=InnoDB AUTO_INCREMENT=358 DEFAULT CHARSET=utf8mb4 COLLATE=utf8mb4_general_ci;
/*!40101 SET character_set_client = @saved_cs_client */;

--
-- Dumping data for table `food_items`
--

LOCK TABLES `food_items` WRITE;
/*!40000 ALTER TABLE `food_items` DISABLE KEYS */;
INSERT INTO `food_items` VALUES (1,'Cream of Mushroom','Roasted button mushrooms, celery, leeks, garlic, and parmesan foam',425.00,'Soups',NULL,'uploads/menu/dish_6a43b120d8d609.74414399.jpg',1,'veg'),(2,'Manchow Soup','Veg / chicken / prawns — mild asian minced vegetable soup with crispy noodles',425.00,'Soups',NULL,'uploads/menu/dish_6a43b109188464.32016605.jpg',1,'nonveg'),(3,'Vietnamese Pho Soup','Veg / chicken — flat vietnamese noodles simmered in aromatic broth',425.00,'Soups',NULL,'uploads/vietnamese_pho.png',1,'nonveg'),(4,'Hot & Sour Soup','Veg / chicken / prawns — bamboo shoots, mushrooms, chinese cabbage in a thick and spicy soup',425.00,'Soups',NULL,'uploads/menu/dish_6a43b171138530.67513862.jpg',1,'nonveg'),(5,'Sweet Corn Soup','Veg / chicken — delicious kernels of corn in a thick, luscious soup',425.00,'Soups',NULL,'uploads/menu/dish_6a43b199296272.45163382.jpg',1,'nonveg'),(6,'Lemon Coriander Soup','Veg / chicken — healthy and filling lemon coriander soup',425.00,'Soups',NULL,'',1,'nonveg'),(7,'Roasted Tomato Basil Soup','Oven-roasted plum tomato soup with a fresh hint of basil',425.00,'Soups',NULL,'uploads/menu/dish_6a43b0f0e92233.55217518.jpg',1,'veg'),(8,'Tom Yum','Veg / chicken / prawns — lemongrass, kaffir lime, and galangal shine through',425.00,'Soups',NULL,'',1,'nonveg'),(9,'Murgh Yakhani Shorba','Slow-cooked rich chicken soup accentuated with saffron',445.00,'Soups',NULL,'uploads/menu/dish_6a43b1db38e093.70173107.jpg',1,'nonveg'),(10,'Burrata and Berry Salad','Strawberries, blueberries, and californian grapes tossed in mixed green lettuce',645.00,'Salad',NULL,'uploads/menu/dish_6a43af7526bcb8.89494662.jpg',1,'veg'),(11,'Classical Caesar Salad','Veg — crispy romaine lettuce tossed in caesar dressing with garlic croutons and parmesan',425.00,'Salad',NULL,'uploads/menu/dish_6a43af9ee23fd5.19858374.jpg',1,'veg'),(12,'Middle Eastern Salad Bowl','Veg  — beetroot fattoush, whole wheat pita, grilled sumac vegetables',545.00,'Salad',NULL,'uploads/menu/dish_6a43af5a2c0a61.22904420.jpg',1,'veg'),(13,'Healthy Organic Quinoa','Mixed lettuce with organic quinoa, lemon mustard dressing, and green apple',525.00,'Salad',NULL,'uploads/menu/dish_6a43af41442638.76422690.jpg',1,'veg'),(14,'Som Tom Salad','Raw papaya, sweet chili sauce, crushed peanuts, and basil',465.00,'Salad',NULL,'uploads/menu/dish_6a43b0462e67f2.54469065.jpg',1,'veg'),(15,'Classical Greek Salad','Baby cucumber, tomatoes, bell peppers, onions, and feta cheese in homemade dressing',425.00,'Salad',NULL,'uploads/menu/dish_6a43b01de70e86.95899818.jpg',1,'veg'),(16,'Tandoori Roti','Plain / butter',45.00,'Bread Basket',NULL,'uploads/menu/url_dish_6a3a6eeb82bd48.57590384.jpg',1,'veg'),(17,'Laccha Paratha','Plain / butter / mirchi',55.00,'Bread Basket',NULL,'uploads/menu/dish_6a3a6f21dcd809.14243144.jpg',1,'veg'),(18,'Naan','Plain / butter / missi roti / garlic parmesan / olive naan',85.00,'Bread Basket',NULL,'',1,'veg'),(19,'Stuffed Naan','Aloo / onion / paneer / keema',125.00,'Bread Basket',NULL,'',1,'veg'),(20,'Indian Green Salad','Cucumber, onion, tomato, carrot, and green chilli',225.00,'Sides',NULL,'',1,'veg'),(21,'Pappad','',125.00,'Sides',NULL,'',1,'veg'),(22,'Raita','Mix / pineapple / boondi raita',55.00,'Sides',NULL,'',1,'veg'),(23,'Seoul Bibimbap','Veg / chicken — simmering rice with vegetables or chicken, served in traditional dolsot',585.00,'Meals in the Bowl',NULL,'',1,'nonveg'),(24,'Morelos Mexican Burrito Bowl','Veg / chicken — hearty bowl with mexican flair, packed with flavor',585.00,'Meals in the Bowl',NULL,'',1,'nonveg'),(25,'Shanghai Bowl','Crispy chicken, sesame-sweet soy sauce, and sticky rice',585.00,'Meals in the Bowl',NULL,'',1,'nonveg'),(26,'Gong Bao Bowl','Crispy cottage cheese, chilli tomatoes, and soy sauce',585.00,'Meals in the Bowl',NULL,'',1,'veg'),(27,'Burmese Khao Suey','Veg / chicken — soft and crispy noodles in a fragrant coconut broth',525.00,'Meals in the Bowl',NULL,'',1,'nonveg'),(28,'Atlantic Salmon','Grilled norwegian salmon fillet served with seasonal vegetables and a lemon butter glaze',2550.00,'Main Course',NULL,'',1,'veg'),(29,'Australian Lamb Chops','Char-grilled lamb chops marinated in herbs and spices, served with garlic mash and jus',2550.00,'Main Course',NULL,'uploads/menu/dish_6a43b68cf1f092.09485655.jpg',1,'nonveg'),(30,'Gulf Tiger Prawns','Succulent tiger prawns grilled with lemon, ajwain, and coastal-style tandoori spices',1650.00,'Main Course',NULL,'',1,'nonveg'),(31,'Grilled Chicken Breast','Served with sautéed vegetables, garlic mashed potato, and red wine jus',625.00,'Main Course',NULL,'uploads/menu/dish_6a43b6cbe96be5.96489093.jpg',1,'nonveg'),(32,'Portuguese Peri Roast Chicken','Herbed and peri peri-marinated chicken breast with sautéed vegetables',625.00,'Main Course',NULL,'',1,'nonveg'),(33,'Malai Paneer Steak','Stuffed with sautéed spinach, served with wasabi mash and vegetables',465.00,'Main Course',NULL,'',1,'veg'),(34,'Grilled River Sole Fish','Sautéed vegetables, garlic mashed potato, and lemon butter sauce',625.00,'Main Course',NULL,'uploads/menu/dish_6a43b6aa9be430.53599082.jpg',1,'nonveg'),(35,'Steam Ginger Fish','Healthy steamed fish served with stir-fried vegetables',625.00,'Main Course',NULL,'',1,'nonveg'),(36,'Peri Peri Grilled Fish','Peri peri-marinated fish with exotic vegetables',625.00,'Main Course',NULL,'',1,'nonveg'),(37,'Pad Thai Noodle','Veg / chicken — flat rice noodles with your choice of vegetables or chicken',485.00,'Main Course',NULL,'',1,'nonveg'),(38,'Himalayan Thukpa','Veg / chicken — comforting bowl of noodles and vegetables in a savory broth',395.00,'Main Course',NULL,'',1,'nonveg'),(39,'Minced Basil Chicken','Thai-style minced basil chicken served with rice',525.00,'Main Course',NULL,'',1,'nonveg'),(40,'Thai Curry Green | Red','Veg / chicken — authentic thai curry served with rice, choose green or red',490.00,'Main Course',NULL,'',1,'nonveg'),(41,'Kerala Fish Curry','Classic south indian style fish curry, just as flavorful as expected',690.00,'Main Course',NULL,'uploads/menu/dish_6a43b954bdf686.69355672.jpg',1,'nonveg'),(42,'Hakka Noodle','Available as veg / chicken / prawns',0.00,'Choice of Noodle',NULL,'',1,'nonveg'),(43,'Chilli Garlic Noodle','Available as veg / chicken / prawns',0.00,'Choice of Noodle',NULL,'',1,'nonveg'),(44,'Burn Garlic Noodle','Available as veg / chicken / prawns',0.00,'Choice of Noodle',NULL,'',1,'nonveg'),(45,'Fried Rice','Veg / chicken / prawns',0.00,'Choice of Rice',NULL,'',1,'nonveg'),(46,'Chilli Garlic Fried Rice','Veg / chicken / prawns',0.00,'Choice of Rice',NULL,'',1,'nonveg'),(47,'Burn Garlic Fried Rice','Veg / chicken / prawns',0.00,'Choice of Rice',NULL,'',1,'nonveg'),(48,'Plain Basmati Rice','',0.00,'Choice of Rice',NULL,'',1,'veg'),(49,'Hot Garlic Sauce','',0.00,'Choice of Gravy',NULL,'',1,'veg'),(50,'Szechuan Sauce','',0.00,'Choice of Gravy',NULL,'',1,'veg'),(51,'Black Bean Sauce','',0.00,'Choice of Gravy',NULL,'',1,'veg'),(52,'Thai Basil Sauce','',0.00,'Choice of Gravy',NULL,'',1,'veg'),(53,'Mushroom and Truffle','Steamed dim sum',475.00,'Dim Sum Cart',NULL,'uploads/menu/dish_6a43b4a9ea1892.87526173.jpg',1,'veg'),(54,'Asparagus, Water Chestnut and Corn','Steamed dim sum',495.00,'Dim Sum Cart',NULL,'uploads/menu/dish_6a43b4c2c8dd10.97071141.jpg',1,'veg'),(55,'Vegetable Crystal Dumpling','Translucent crystal skin dumpling',475.00,'Dim Sum Cart',NULL,'',1,'veg'),(56,'Edamame Cheese','Steamed dim sum',495.00,'Dim Sum Cart',NULL,'uploads/menu/dish_6a43b463454d49.57702444.jpg',1,'veg'),(57,'Chilli Garlic Greens','Steamed dim sum',525.00,'Dim Sum Cart',NULL,'uploads/menu/dish_6a43b4d699bf77.36993177.jpg',1,'veg'),(58,'Spicy Chilli Oil Dumpling','Steamed dim sum',545.00,'Dim Sum Cart',NULL,'uploads/menu/dish_6a43b44abf0393.34212324.jpg',1,'veg'),(59,'Chicken and Coriander Dumpling','Steamed dim sum',525.00,'Dim Sum Cart',NULL,'uploads/menu/dish_6a43b4909a44f2.02658232.jpg',1,'nonveg'),(60,'Prawns Harkao','Classic prawn dumpling',575.00,'Dim Sum Cart',NULL,'uploads/menu/dish_6a43b478084ef9.76331053.jpg',1,'nonveg'),(61,'Mushroom Kra Pao Bao','Steamed bao bun',525.00,'Dim Sum Cart',NULL,'uploads/menu/dish_6a43b3df3aa523.99126655.jpg',1,'veg'),(62,'Crushed Pepper Tofu Bao','Steamed bao bun',525.00,'Dim Sum Cart',NULL,'',1,'veg'),(63,'Korean Chicken Bao','Steamed bao bun',545.00,'Dim Sum Cart',NULL,'',1,'nonveg'),(64,'Crispy Prawns Bao','Steamed bao bun',575.00,'Dim Sum Cart',NULL,'',1,'nonveg'),(65,'Yasai Maki Roll','Lettuce, thai cucumber, cream cheese, and pickles',585.00,'Sushi Rolls',NULL,'uploads/menu/dish_6a43b2927cb4f3.66459246.jpg',1,'veg'),(66,'Tempura Asparagus','Philadelphia cheese, dill leaves, and crispy asparagus',595.00,'Sushi Rolls',NULL,'uploads/menu/dish_6a43b25dc6c4a6.72330673.jpg',1,'veg'),(67,'Cucumber and Avocado Roll','Thai baby cucumber, avocado, tenkasu, and spicy mayo',645.00,'Sushi Rolls',NULL,'uploads/menu/dish_6a43b2a8812bb4.28739684.jpg',1,'veg'),(68,'California Mango Roll','Fresh mangoes, wasabi, japanese mayo, and pickled ginger',595.00,'Sushi Rolls',NULL,'uploads/menu/dish_6a43b2bc207551.14040296.jpg',1,'veg'),(69,'Tuna Roll','Fresh tuna, creamy avocado, and spicy mayo wrapped in seasoned sushi rice',625.00,'Sushi Rolls',NULL,'uploads/menu/dish_6a43b2fc836802.08525555.jpg',1,'veg'),(70,'Salmon Roll','Medusa\'s signature roll for salmon lovers',725.00,'Sushi Rolls',NULL,'uploads/menu/dish_6a43b3197c19f1.99425123.jpg',1,'veg'),(71,'Dragon Crispy Chicken Sushi Roll','Crispy fried chicken, spicy mayo, wasabi, and pickled ginger',595.00,'Sushi Rolls',NULL,'uploads/menu/dish_6a43b2e2ea3d85.10628025.jpg',1,'nonveg'),(72,'Sakura Roll','Prawn tempura, thai cucumber, and spicy mayo',645.00,'Sushi Rolls',NULL,'uploads/menu/dish_6a43b278783bb3.79153249.jpg',1,'nonveg'),(73,'Mushroom Burger','A classic mushroom melt with organic himalayan cheese',365.00,'Burgers & Sandwiches',NULL,'uploads/menu/dish_6a43ad5981a4f0.15528644.jpg',1,'veg'),(74,'Patty Lamb Burger','Young lamb pulled meat patty char-grilled to perfection',475.00,'Burgers & Sandwiches',NULL,'uploads/menu/dish_6a43ad6be624b0.21337139.jpg',1,'nonveg'),(75,'Tex Mex Chicken Burger','Spicy golden-fried chicken patty with our famous king sauce',395.00,'Burgers & Sandwiches',NULL,'uploads/menu/dish_6a43adbd8bf560.69727103.jpg',1,'nonveg'),(76,'Crispy Fish Burger','Panko-crusted fish fillet with lettuce, tartar sauce, and house slaw in a toasted bun',450.00,'Burgers & Sandwiches',NULL,'uploads/menu/dish_6a43adcdd8a161.31005389.jpg',1,'nonveg'),(77,'Pesto Chicken Croissant Sandwich','Roast chicken marinated in homemade pesto',465.00,'Burgers & Sandwiches',NULL,'',1,'nonveg'),(78,'Smokey Paneer Croissant Sandwich','Punjabi-style tandoori paneer stuffed in buttery croissant',455.00,'Burgers & Sandwiches',NULL,'',1,'veg'),(79,'Chicken Spicy Tikka Sandwich','Cucumber, tomato, lettuce, and charred chicken tikka in multigrain bread',465.00,'Burgers & Sandwiches',NULL,'uploads/menu/dish_6a43acaa54f8d9.58593974.jpg',1,'nonveg'),(80,'Tandoori Paneer Sandwich','Cucumber, tomato, lettuce, and charred paneer tikka in multigrain bread',445.00,'Burgers & Sandwiches',NULL,'',1,'veg'),(81,'Triple Club Sandwich','Pulled roast chicken, stone-ground dill pesto, served with house chips',485.00,'Burgers & Sandwiches',NULL,'uploads/menu/dish_6a43ad0ecabc60.09673676.jpg',1,'nonveg'),(82,'Green Club Sandwich','Multigrain bread overloaded with greens and cheese',455.00,'Burgers & Sandwiches',NULL,'uploads/menu/dish_6a43acf4928f78.60631708.jpg',1,'veg'),(83,'Vegetarian Mezze Platter','Falafel, paneer shashlik, baba ghanoush, hummus, muhammara, pickled vegetables, and mini soft pita',665.00,'Sharing Boards',NULL,'',1,'veg'),(84,'Non-Vegetarian Mezze Platter','Fish shish, aamb adana, chicken and cheese adana, chicken shish, and assorted cold dips',785.00,'Sharing Boards',NULL,'',1,'nonveg'),(85,'Tandoori Veg Platter','Paneer tikka, veg galouti, tandoori pineapple, and dahi kebab',655.00,'Sharing Boards',NULL,'',1,'veg'),(86,'Tandoori Non-Veg Platter','Malai chicken tikka, chicken tikka, chicken seekh kebab, mutton kebab, and fish tikka',785.00,'Sharing Boards',NULL,'',1,'nonveg'),(87,'Margherita','As simple and classic as you know',545.00,'Brick Oven Pizza',NULL,'uploads/menu/dish_6a43aab078d447.83514172.jpg',1,'veg'),(88,'Paneer Makhni King','A favorite — makhni sauce topped with tandoori paneer tikka',595.00,'Brick Oven Pizza',NULL,'uploads/menu/dish_6a43abcac31633.20006173.jpg',1,'veg'),(89,'Andhara Mushroom Sukka','A south indian twist — mushroom sukka on pizza',625.00,'Brick Oven Pizza',NULL,'uploads/menu/dish_6a43ab0826a530.90114675.jpg',1,'veg'),(90,'Garden Fresh Pizza','Mixed bell peppers, broccoli, mushrooms, red onions, and mozzarella',525.00,'Brick Oven Pizza',NULL,'uploads/menu/dish_6a43ab8f244298.86918216.jpg',1,'veg'),(91,'Burrata Arugula','Classic burrata pizza with fresh arugula and house-roasted tomatoes',610.00,'Brick Oven Pizza',NULL,'uploads/menu/dish_6a43ab62a92d50.20827006.jpg',1,'veg'),(92,'Mushroom Pizza','Shiitake and button mushrooms roasted in the oven, with a perfect blend of mozzarella and cheddar',545.00,'Brick Oven Pizza',NULL,'uploads/menu/dish_6a43ac12847251.88627344.jpg',1,'veg'),(93,'Chicken Makhni King','Medusa\'s own recipe — a must-try!',625.00,'Brick Oven Pizza',NULL,'uploads/menu/dish_6a43abac221e27.81024567.jpg',1,'nonveg'),(94,'Sausage Masala King','Old delhi favorite recipe',595.00,'Brick Oven Pizza',NULL,'uploads/menu/dish_6a43ab329357d6.01508098.jpg',1,'veg'),(95,'Pepperoni Pizza','Minced lamb tenderloin, chargrilled and topped with mozzarella and cheddar cheese',625.00,'Brick Oven Pizza',NULL,'uploads/menu/dish_6a43ab4d467e85.43441419.jpg',1,'nonveg'),(96,'Meat Balls','Rogan josh gravy with meatballs on pizza — bold and flavorful',695.00,'Brick Oven Pizza',NULL,'uploads/menu/dish_6a43aae1f1a750.33608078.jpg',1,'nonveg'),(97,'Chilli Basil Chicken','Wok-tossed chicken in spicy chilli basil sauce',465.00,'Non-Veg Appetizer',NULL,'uploads/menu/dish_6a43b7dc76bf48.19866204.jpg',1,'nonveg'),(98,'Mutton Keema Pav','Street-style mutton keema served with buttered pav',0.00,'Non-Veg Appetizer',NULL,'',1,'nonveg'),(99,'Johnnie Walker Black Label','Premium Scotch Whisky aged 12 years',4500.00,'Beverages','Blended Malt Whiskey','https://images.unsplash.com/photo-1527061011665-3652c757a4d4?w=400&h=300&fit=crop',1,'veg'),(100,'Jack Daniel\'s Tennessee Whiskey','Smooth Tennessee sour mash whiskey',3800.00,'Beverages','Other World Whiskey','https://images.unsplash.com/photo-1527061011665-3652c757a4d4?w=400&h=300&fit=crop',1,'veg'),(101,'Absolut Vodka','Classic Swedish premium vodka',3200.00,'Beverages','Vodka','https://images.unsplash.com/photo-1551538827-9c037cb4f32a?w=400&h=300&fit=crop',1,'veg'),(102,'Bacardi White Rum','Light-bodied rum with subtle sweetness',2800.00,'Beverages','Rum','https://images.unsplash.com/photo-1551538827-9c037cb4f32a?w=400&h=300&fit=crop',1,'veg'),(103,'Hendrick\'s Artisanal Gin','Scottish gin infused with rose and cucumber',4200.00,'Beverages','Gin','https://images.unsplash.com/photo-1551538827-9c037cb4f32a?w=400&h=300&fit=crop',1,'veg'),(104,'Baileys Irish Cream','Classic Irish cream liqueur - smooth blend of cream, cocoa, and Irish whiskey',475.00,'Beverages','Liqueur','default.jpg',1,'veg'),(105,'Kahlua','Rich Mexican coffee-flavored liqueur made from coffee beans, rum, and sugar',475.00,'Beverages','Liqueur','default.jpg',1,'veg'),(106,'Triple Sec','Premium sweet, orange-flavored liqueur used in classic cocktails',475.00,'Beverages','Liqueur','default.jpg',1,'veg'),(107,'Martini Bianco','Aromatic, sweet Italian vermouth infused with white wine and alpine herbs',475.00,'Beverages','Liqueur','default.jpg',1,'veg'),(108,'Martini Extra Dry','Clear, pale Italian dry vermouth with a complex herbal infusion',475.00,'Beverages','Liqueur','default.jpg',1,'veg'),(109,'Martini Rosso','Deep red sweet Italian vermouth with a balanced bittersweet herbal taste',475.00,'Beverages','Liqueur','default.jpg',1,'veg'),(110,'Jägermeister (30ml)','German digestif crafted from 56 selected herbs, blossoms, roots, and fruits (30ml shot)',575.00,'Beverages','Liqueur','default.jpg',1,'veg'),(111,'Jägermeister (Bottle)','German digestif crafted from 56 selected herbs, blossoms, roots, and fruits (Full Bottle)',10995.00,'Beverages','Liqueur','default.jpg',1,'veg'),(112,'Cosmopolitan','Classic cocktail containing Vodka, Orange Liqueur, Cranberry Juice, Lime Juice',799.00,'Beverages','Cocktails','default.jpg',1,'veg'),(113,'Whiskey Sour','Sophisticated mix of Bourbon whisky, egg white, lime juice, and sugar',799.00,'Beverages','Cocktails','default.jpg',1,'nonveg'),(114,'Mint Julep','Refreshing drink of Bourbon whisky, mint, and sugar',799.00,'Beverages','Cocktails','default.jpg',1,'veg'),(115,'Old Fashion','Traditional mix of Bourbon, Sugar, Angostura Bitter',799.00,'Beverages','Cocktails','default.jpg',1,'veg'),(116,'Pina colada','Tropical blend of White rum, coconut Cream, and Pineapple Juice',749.00,'Beverages','Cocktails','default.jpg',1,'veg'),(117,'Electric Ice Tea','Potent combination of Vodka, White Rum, gin, Tequila, Orange Liqueur, Lime, and Red Bull / Coke',1199.00,'Beverages','Cocktails','default.jpg',1,'veg'),(118,'Mojito (Glass)','White rum, lemon chunks, sugar, mint, and lime juice. Flavours available: Apple, Passion Fruit, Blueberry, Watermelon. (Glass)',749.00,'Beverages','Cocktails','default.jpg',1,'veg'),(119,'Mojito (Pitcher)','White rum, lemon chunks, sugar, mint, and lime juice. Flavours available: Apple, Passion Fruit, Blueberry, Watermelon. (Pitcher)',3599.00,'Beverages','Cocktails','default.jpg',1,'veg'),(120,'Long Island Ice Tea (Glass)','Classic combination of Vodka, White Rum, gin, Tequila, Orange Liqueur with Lime and Coke (Glass)',1199.00,'Beverages','Cocktails','default.jpg',1,'veg'),(121,'Long Island Ice Tea (Pitcher)','Classic combination of Vodka, White Rum, gin, Tequila, Orange Liqueur with Lime and Coke (Pitcher)',5299.00,'Beverages','Cocktails','default.jpg',1,'veg'),(122,'Red Sangria (Glass)','Rich mix of Red Wine, Whiskey, Orange, Pineapple, and Apple (Glass)',999.00,'Beverages','Cocktails','default.jpg',1,'veg'),(123,'Red Sangria (Pitcher)','Rich mix of Red Wine, Whiskey, Orange, Pineapple, and Apple (Pitcher)',4599.00,'Beverages','Cocktails','default.jpg',1,'veg'),(124,'White Sangria (Glass)','Crisp mix of White Wine, Vodka, Orange, Pineapple, and Apple (Glass)',999.00,'Beverages','Cocktails','default.jpg',1,'veg'),(125,'White Sangria (Pitcher)','Crisp mix of White Wine, Vodka, Orange, Pineapple, and Apple (Pitcher)',4599.00,'Beverages','Cocktails','default.jpg',1,'veg'),(126,'Rose Sangria (Glass)','Blush mix of Sula Rose Wine, Vodka, Orange, Pineapple, and Apple (Glass)',999.00,'Beverages','Cocktails','default.jpg',1,'veg'),(127,'Rose Sangria (Pitcher)','Blush mix of Sula Rose Wine, Vodka, Orange, Pineapple, and Apple (Pitcher)',4599.00,'Beverages','Cocktails','default.jpg',1,'veg'),(128,'Mind Eraser','Vibrant shooter with Vodka, Orange Bitter, Mint, and Cardamom',699.00,'Beverages','Shooters','default.jpg',1,'veg'),(129,'Jagerbomb','Popular party shooter of Jägermeister dropped in Red Bull/coke',849.00,'Beverages','Shooters','default.jpg',1,'veg'),(130,'Kamakazi','Classic shooter with Vodka, Triple Sec, and Lime Juice',595.00,'Beverages','Shooters','default.jpg',1,'veg'),(131,'Kingfisher Premium Pint','Standard crisp Indian lager beer (Pint)',495.00,'Beverages','Beer','default.jpg',1,'nonveg'),(132,'Kingfisher Ultra Pint','Smooth premium lager beer (Pint)',495.00,'Beverages','Beer','default.jpg',1,'nonveg'),(133,'Heineken Pint','Premium international Dutch pale lager beer (Pint)',495.00,'Beverages','Beer','default.jpg',1,'veg'),(134,'Budweiser Pint','Classic clean American-style lager beer (Pint)',495.00,'Beverages','Beer','default.jpg',1,'veg'),(135,'Corona Pint','Imported Mexican pale lager beer (Pint)',625.00,'Beverages','Beer','default.jpg',1,'veg'),(136,'Hoegaarden Pint','Classic Belgian wheat beer brewed with coriander and orange peel (Pint)',625.00,'Beverages','Beer','default.jpg',1,'veg'),(137,'Budweiser Can','Classic clean American-style lager beer (Can)',625.00,'Beverages','Beer','default.jpg',1,'veg'),(138,'Budweiser Magnum Can','Strong lager beer with a full-bodied taste (Can)',625.00,'Beverages','Beer','default.jpg',1,'veg'),(139,'Carlsberg Strong Can','Premium strong Danish pilsner beer (Can)',625.00,'Beverages','Beer','default.jpg',1,'veg'),(140,'Gordon\'s Gin (30ml)','Classic triple-distilled London Dry Gin (30ml shot)',375.00,'Beverages','Gin','default.jpg',1,'veg'),(141,'Gordon\'s Gin (Bottle)','Classic triple-distilled London Dry Gin (Full Bottle)',8999.00,'Beverages','Gin','default.jpg',1,'veg'),(142,'Bombay Sapphire Gin (30ml)','Premium vapor-infused London Dry Gin with 10 select botanicals (30ml shot)',495.00,'Beverages','Gin','default.jpg',1,'veg'),(143,'Bombay Sapphire Gin (Bottle)','Premium vapor-infused London Dry Gin with 10 select botanicals (Full Bottle)',9999.00,'Beverages','Gin','default.jpg',1,'veg'),(144,'Beefeater Gin (30ml)','Distilled in London with 9 botanicals including juniper and citrus (30ml shot)',475.00,'Beverages','Gin','default.jpg',1,'nonveg'),(145,'Beefeater Gin (Bottle)','Distilled in London with 9 botanicals including juniper and citrus (Full Bottle)',9999.00,'Beverages','Gin','default.jpg',1,'nonveg'),(146,'Beefeater Pink Gin (30ml)','Delicious natural strawberry-flavored premium London gin (30ml shot)',495.00,'Beverages','Gin','default.jpg',1,'nonveg'),(147,'Beefeater Pink Gin (Bottle)','Delicious natural strawberry-flavored premium London gin (Full Bottle)',9999.00,'Beverages','Gin','default.jpg',1,'nonveg'),(148,'Tanqueray Gin (30ml)','Perfect balance of four classic botanicals: juniper, coriander, angelica, and liquorice (30ml shot)',495.00,'Beverages','Gin','default.jpg',1,'veg'),(149,'Tanqueray Gin (Bottle)','Perfect balance of four classic botanicals: juniper, coriander, angelica, and liquorice (Full Bottle)',9999.00,'Beverages','Gin','default.jpg',1,'veg'),(150,'Hendricks Gin (30ml)','Super-premium Scottish gin infused with rose petals and cucumber (30ml shot)',575.00,'Beverages','Gin','default.jpg',1,'veg'),(151,'Hendricks Gin (Bottle)','Super-premium Scottish gin infused with rose petals and cucumber (Full Bottle)',10999.00,'Beverages','Gin','default.jpg',1,'veg'),(152,'Roku Gin (30ml)','Japanese craft gin featuring six unique Japanese botanicals (30ml shot)',575.00,'Beverages','Gin','default.jpg',1,'veg'),(153,'Roku Gin (Bottle)','Japanese craft gin featuring six unique Japanese botanicals (Full Bottle)',10999.00,'Beverages','Gin','default.jpg',1,'veg'),(154,'Monkey 47 (30ml)','Unique German gin from the Black Forest containing 47 botanicals (30ml shot)',575.00,'Beverages','Gin','default.jpg',1,'veg'),(155,'Monkey 47 (Bottle)','Unique German gin from the Black Forest containing 47 botanicals (Full Bottle)',11999.00,'Beverages','Gin','default.jpg',1,'veg'),(156,'Malfy Gin Lemon (30ml)','Italian gin infused with sun-ripened Sicilian lemons and handpicked juniper (30ml shot)',625.00,'Beverages','Gin','default.jpg',1,'veg'),(157,'Malfy Gin Lemon (Bottle)','Italian gin infused with sun-ripened Sicilian lemons and handpicked juniper (Full Bottle)',12999.00,'Beverages','Gin','default.jpg',1,'veg'),(158,'Jaisalmer Gin (30ml)','Indian triple-distilled craft gin showcasing exotic botanicals (30ml shot)',625.00,'Beverages','Gin','default.jpg',1,'veg'),(159,'Jaisalmer Gin (Bottle)','Indian triple-distilled craft gin showcasing exotic botanicals (Full Bottle)',12999.00,'Beverages','Gin','default.jpg',1,'veg'),(160,'Absolut Vodka (30ml)','Classic Swedish premium wheat vodka (30ml shot)',475.00,'Beverages','Vodka','default.jpg',1,'veg'),(161,'Absolut Vodka (Bottle)','Classic Swedish premium wheat vodka (Full Bottle)',9999.00,'Beverages','Vodka','default.jpg',1,'veg'),(162,'Ciroc Vodka (30ml)','Super-premium French vodka distilled five times from fine French grapes (30ml shot)',575.00,'Beverages','Vodka','default.jpg',1,'veg'),(163,'Ciroc Vodka (Bottle)','Super-premium French vodka distilled five times from fine French grapes (Full Bottle)',10999.00,'Beverages','Vodka','default.jpg',1,'veg'),(164,'Grey Goose Vodka (30ml)','Super-premium French wheat vodka crafted with spring water (30ml shot)',575.00,'Beverages','Vodka','default.jpg',1,'veg'),(165,'Grey Goose Vodka (Bottle)','Super-premium French wheat vodka crafted with spring water (Full Bottle)',10999.00,'Beverages','Vodka','default.jpg',1,'veg'),(166,'Belvedere Vodka (30ml)','Premium Polish rye vodka produced in small batches (30ml shot)',575.00,'Beverages','Vodka','default.jpg',1,'veg'),(167,'Belvedere Vodka (Bottle)','Premium Polish rye vodka produced in small batches (Full Bottle)',10999.00,'Beverages','Vodka','default.jpg',1,'veg'),(168,'Haku Vodka (30ml)','Japanese craft vodka made with 100% white rice and filtered through bamboo charcoal (30ml shot)',625.00,'Beverages','Vodka','default.jpg',1,'veg'),(169,'Haku Vodka (Bottle)','Japanese craft vodka made with 100% white rice and filtered through bamboo charcoal (Full Bottle)',12999.00,'Beverages','Vodka','default.jpg',1,'veg'),(170,'Roberto Cavali Vodka (30ml)','Ultra-premium Italian wheat vodka presented in a designer bottle (30ml shot)',799.00,'Beverages','Vodka','default.jpg',1,'veg'),(171,'Roberto Cavali Vodka (Bottle)','Ultra-premium Italian wheat vodka presented in a designer bottle (Full Bottle)',12999.00,'Beverages','Vodka','default.jpg',1,'veg'),(172,'Camino Silver Tequila (30ml)','Premium Mexican silver tequila with direct blue agave taste (30ml shot)',475.00,'Beverages','Tequila','default.jpg',1,'veg'),(173,'Camino Silver Tequila (Bottle)','Premium Mexican silver tequila with direct blue agave taste (Full Bottle)',9499.00,'Beverages','Tequila','default.jpg',1,'veg'),(174,'Camino Gold Tequila (30ml)','Aged Mexican gold tequila with caramel notes (30ml shot)',495.00,'Beverages','Tequila','default.jpg',1,'veg'),(175,'Camino Gold Tequila (Bottle)','Aged Mexican gold tequila with caramel notes (Full Bottle)',9999.00,'Beverages','Tequila','default.jpg',1,'veg'),(176,'1800 Silver Tequila (30ml)','Premium double-distilled 100% blue agave silver tequila (30ml shot)',495.00,'Beverages','Tequila','default.jpg',1,'veg'),(177,'1800 Silver Tequila (Bottle)','Premium double-distilled 100% blue agave silver tequila (Full Bottle)',9999.00,'Beverages','Tequila','default.jpg',1,'veg'),(178,'1800 Gold Tequila (30ml)','Smooth 100% blue agave reposado tequila aged in oak (30ml shot)',495.00,'Beverages','Tequila','default.jpg',1,'veg'),(179,'1800 Gold Tequila (Bottle)','Smooth 100% blue agave reposado tequila aged in oak (Full Bottle)',9999.00,'Beverages','Tequila','default.jpg',1,'veg'),(180,'Don Julio Blanco (30ml)','Super-premium crisp blue agave silver tequila with citrus and agave flavors (30ml shot)',725.00,'Beverages','Tequila','default.jpg',1,'veg'),(181,'Don Julio Blanco (Bottle)','Super-premium crisp blue agave silver tequila with citrus and agave flavors (Full Bottle)',17999.00,'Beverages','Tequila','default.jpg',1,'veg'),(182,'Don Julio Reposado (30ml)','Mellow oak-aged reposado tequila aged 8 months (30ml shot)',725.00,'Beverages','Tequila','default.jpg',1,'veg'),(183,'Don Julio Reposado (Bottle)','Mellow oak-aged reposado tequila aged 8 months (Full Bottle)',17999.00,'Beverages','Tequila','default.jpg',1,'veg'),(184,'Patron Silver (30ml)','Handcrafted 100% Weber blue agave crystal-clear silver tequila (30ml shot)',725.00,'Beverages','Tequila','default.jpg',1,'veg'),(185,'Patron Silver (Bottle)','Handcrafted 100% Weber blue agave crystal-clear silver tequila (Full Bottle)',17999.00,'Beverages','Tequila','default.jpg',1,'veg'),(186,'Patron Gold (30ml)','Super-premium oak-aged smooth gold reposado tequila (30ml shot)',725.00,'Beverages','Tequila','default.jpg',1,'veg'),(187,'Patron Gold (Bottle)','Super-premium oak-aged smooth gold reposado tequila (Full Bottle)',17999.00,'Beverages','Tequila','default.jpg',1,'veg'),(188,'Bacardi White Rum (30ml)','Light, clean, and dry white rum with light vanilla notes (30ml shot)',375.00,'Beverages','Rum','default.jpg',1,'veg'),(189,'Bacardi White Rum (Bottle)','Light, clean, and dry white rum with light vanilla notes (Full Bottle)',4495.00,'Beverages','Rum','default.jpg',1,'veg'),(190,'Havana Club 3 YO (30ml)','Authentic Cuban white rum aged 3 years in oak casks (30ml shot)',475.00,'Beverages','Rum','default.jpg',1,'veg'),(191,'Havana Club 3 YO (Bottle)','Authentic Cuban white rum aged 3 years in oak casks (Full Bottle)',8495.00,'Beverages','Rum','default.jpg',1,'veg'),(192,'Havana Club 7 YO (30ml)','Rich, aged dark Cuban rum showcasing wood, spice, and vanilla notes (30ml shot)',495.00,'Beverages','Rum','default.jpg',1,'veg'),(193,'Havana Club 7 YO (Bottle)','Rich, aged dark Cuban rum showcasing wood, spice, and vanilla notes (Full Bottle)',8995.00,'Beverages','Rum','default.jpg',1,'veg'),(194,'Old Monk Rum (30ml)','Iconic Indian dark rum aged in oak vats with vanilla notes (30ml shot)',375.00,'Beverages','Rum','default.jpg',1,'veg'),(195,'Old Monk Rum (Bottle)','Iconic Indian dark rum aged in oak vats with vanilla notes (Full Bottle)',4499.00,'Beverages','Rum','default.jpg',1,'veg'),(196,'Johnnie Walker Red Label (30ml)','Bold, characterful blended Scotch whisky with smoky spice flavors (30ml shot)',399.00,'Beverages','Blended Malt Whiskey','default.jpg',1,'veg'),(197,'Johnnie Walker Red Label (Bottle)','Bold, characterful blended Scotch whisky with smoky spice flavors (Full Bottle)',7599.00,'Beverages','Blended Malt Whiskey','default.jpg',1,'veg'),(198,'Ballantine\'s Finest (30ml)','Classic blended Scotch whisky containing a blend of over 40 single malts (30ml shot)',399.00,'Beverages','Blended Malt Whiskey','default.jpg',1,'veg'),(199,'Ballantine\'s Finest (Bottle)','Classic blended Scotch whisky containing a blend of over 40 single malts (Full Bottle)',7599.00,'Beverages','Blended Malt Whiskey','default.jpg',1,'veg'),(200,'Ballantine\'s 7 YO (30ml)','Aged blended Scotch whisky finished in select bourbon barrels (30ml shot)',445.00,'Beverages','Blended Malt Whiskey','default.jpg',1,'veg'),(201,'Ballantine\'s 7 YO (Bottle)','Aged blended Scotch whisky finished in select bourbon barrels (Full Bottle)',7999.00,'Beverages','Blended Malt Whiskey','default.jpg',1,'veg'),(202,'Ballantine\'s 12 YO (30ml)','Premium aged blended Scotch whisky with honey, oak, and vanilla notes (30ml shot)',495.00,'Beverages','Blended Malt Whiskey','default.jpg',1,'veg'),(203,'Ballantine\'s 12 YO (Bottle)','Premium aged blended Scotch whisky with honey, oak, and vanilla notes (Full Bottle)',8499.00,'Beverages','Blended Malt Whiskey','default.jpg',1,'veg'),(204,'Johnnie Walker Black Label (30ml)','Premium 12-year-old blended Scotch whisky representing deep peat flavors (30ml shot)',495.00,'Beverages','Blended Malt Whiskey','default.jpg',1,'veg'),(205,'Johnnie Walker Black Label (Bottle)','Premium 12-year-old blended Scotch whisky representing deep peat flavors (Full Bottle)',9999.00,'Beverages','Blended Malt Whiskey','default.jpg',1,'veg'),(206,'Chivas Regal 12 YO (30ml)','Smooth, rich blend of Speyside malt and grain whiskies aged 12 years (30ml shot)',495.00,'Beverages','Blended Malt Whiskey','default.jpg',1,'veg'),(207,'Chivas Regal 12 YO (Bottle)','Smooth, rich blend of Speyside malt and grain whiskies aged 12 years (Full Bottle)',9999.00,'Beverages','Blended Malt Whiskey','default.jpg',1,'veg'),(208,'Monkey Shoulder (30ml)','Distinctive smooth triple malt Scotch whisky containing Speyside single malts (30ml shot)',545.00,'Beverages','Blended Malt Whiskey','default.jpg',1,'veg'),(209,'Monkey Shoulder (Bottle)','Distinctive smooth triple malt Scotch whisky containing Speyside single malts (Full Bottle)',10999.00,'Beverages','Blended Malt Whiskey','default.jpg',1,'veg'),(210,'Chivas Regal 15 YO (30ml)','Aged blended Scotch finished in Grande Champagne Cognac casks for sweet finish (30ml shot)',645.00,'Beverages','Blended Malt Whiskey','default.jpg',1,'veg'),(211,'Chivas Regal 15 YO (Bottle)','Aged blended Scotch finished in Grande Champagne Cognac casks for sweet finish (Full Bottle)',12999.00,'Beverages','Blended Malt Whiskey','default.jpg',1,'veg'),(212,'Johnnie Walker Double Black (30ml)','Intense and extra-smoky expression of classic Black Label (30ml shot)',695.00,'Beverages','Blended Malt Whiskey','default.jpg',1,'veg'),(213,'Johnnie Walker Double Black (Bottle)','Intense and extra-smoky expression of classic Black Label (Full Bottle)',13999.00,'Beverages','Blended Malt Whiskey','default.jpg',1,'veg'),(214,'Johnnie Walker Gold Label Reserve (30ml)','Luxurious, creamy, and honeyed blended Scotch whisky (30ml shot)',725.00,'Beverages','Blended Malt Whiskey','default.jpg',1,'veg'),(215,'Johnnie Walker Gold Label Reserve (Bottle)','Luxurious, creamy, and honeyed blended Scotch whisky (Full Bottle)',14999.00,'Beverages','Blended Malt Whiskey','default.jpg',1,'veg'),(216,'Chivas Regal 18 YO (30ml)','Superbly rich and multi-layered blended Scotch whisky aged 18 years (30ml shot)',795.00,'Beverages','Blended Malt Whiskey','default.jpg',1,'veg'),(217,'Chivas Regal 18 YO (Bottle)','Superbly rich and multi-layered blended Scotch whisky aged 18 years (Full Bottle)',15999.00,'Beverages','Blended Malt Whiskey','default.jpg',1,'veg'),(218,'Royal Salute 21 YO (30ml)','Exceptional blended Scotch whisky created to celebrate the coronation of Queen Elizabeth II (30ml shot)',1395.00,'Beverages','Blended Malt Whiskey','default.jpg',1,'veg'),(219,'Royal Salute 21 YO (Bottle)','Exceptional blended Scotch whisky created to celebrate the coronation of Queen Elizabeth II (Full Bottle)',26999.00,'Beverages','Blended Malt Whiskey','default.jpg',1,'veg'),(220,'Johnnie Walker Blue Label (30ml)','The ultimate masterpiece of blending - an extraordinary selection of rare casks (30ml shot)',1999.00,'Beverages','Blended Malt Whiskey','default.jpg',1,'veg'),(221,'Johnnie Walker Blue Label (Bottle)','The ultimate masterpiece of blending - an extraordinary selection of rare casks (Full Bottle)',34999.00,'Beverages','Blended Malt Whiskey','default.jpg',1,'veg'),(222,'Ardmore Legacy (30ml)','Lightly peated Highland single malt Scotch whisky (30ml shot)',475.00,'Beverages','Single Malt Whiskey','default.jpg',1,'veg'),(223,'Ardmore Legacy (Bottle)','Lightly peated Highland single malt Scotch whisky (Full Bottle)',9499.00,'Beverages','Single Malt Whiskey','default.jpg',1,'veg'),(224,'Glenmorangie 10 YO (30ml)','Classic Highland single malt Scotch distilled in Scotland\'s tallest stills (30ml shot)',495.00,'Beverages','Single Malt Whiskey','default.jpg',1,'veg'),(225,'Glenmorangie 10 YO (Bottle)','Classic Highland single malt Scotch distilled in Scotland\'s tallest stills (Full Bottle)',9999.00,'Beverages','Single Malt Whiskey','default.jpg',1,'veg'),(226,'Talisker 10 YO (30ml)','Classic peaty single malt from the Isle of Skye with a peppery finish (30ml shot)',495.00,'Beverages','Single Malt Whiskey','default.jpg',1,'veg'),(227,'Talisker 10 YO (Bottle)','Classic peaty single malt from the Isle of Skye with a peppery finish (Full Bottle)',9999.00,'Beverages','Single Malt Whiskey','default.jpg',1,'veg'),(228,'Laphroaig 10 YO (30ml)','Distinctive peaty, smoky Islay single malt Scotch (30ml shot)',545.00,'Beverages','Single Malt Whiskey','default.jpg',1,'veg'),(229,'Laphroaig 10 YO (Bottle)','Distinctive peaty, smoky Islay single malt Scotch (Full Bottle)',10999.00,'Beverages','Single Malt Whiskey','default.jpg',1,'veg'),(230,'Godawan Fruity & Spicy (30ml)','Indian single malt whiskey matured in custom casks (30ml shot)',645.00,'Beverages','Single Malt Whiskey','default.jpg',1,'veg'),(231,'Godawan Fruity & Spicy (Bottle)','Indian single malt whiskey matured in custom casks (Full Bottle)',11999.00,'Beverages','Single Malt Whiskey','default.jpg',1,'veg'),(232,'Godawan Rich & Rounded (30ml)','Indian single malt whiskey with deep rounded oak profiles (30ml shot)',645.00,'Beverages','Single Malt Whiskey','default.jpg',1,'veg'),(233,'Godawan Rich & Rounded (Bottle)','Indian single malt whiskey with deep rounded oak profiles (Full Bottle)',11999.00,'Beverages','Single Malt Whiskey','default.jpg',1,'veg'),(234,'Bowmore 12 YO (30ml)','Islay single malt aged in oak casks for warm amber color and honeyed peat profile (30ml shot)',595.00,'Beverages','Single Malt Whiskey','default.jpg',1,'veg'),(235,'Bowmore 12 YO (Bottle)','Islay single malt aged in oak casks for warm amber color and honeyed peat profile (Full Bottle)',11999.00,'Beverages','Single Malt Whiskey','default.jpg',1,'veg'),(236,'Indri Single Malt (30ml)','Highly acclaimed Indian single malt crafted in three different wood types (30ml shot)',595.00,'Beverages','Single Malt Whiskey','default.jpg',1,'veg'),(237,'Indri Single Malt (Bottle)','Highly acclaimed Indian single malt crafted in three different wood types (Full Bottle)',11999.00,'Beverages','Single Malt Whiskey','default.jpg',1,'veg'),(238,'Singleton of Dufftown 12 YO (30ml)','Rich, smooth Speyside single malt with clean fruit flavors (30ml shot)',595.00,'Beverages','Single Malt Whiskey','default.jpg',1,'veg'),(239,'Singleton of Dufftown 12 YO (Bottle)','Rich, smooth Speyside single malt with clean fruit flavors (Full Bottle)',11999.00,'Beverages','Single Malt Whiskey','default.jpg',1,'veg'),(240,'Aberfeldy 12 YO (30ml)','Premium golden Highland single malt Scotch featuring honeyed notes (30ml shot)',595.00,'Beverages','Single Malt Whiskey','default.jpg',1,'veg'),(241,'Aberfeldy 12 YO (Bottle)','Premium golden Highland single malt Scotch featuring honeyed notes (Full Bottle)',11999.00,'Beverages','Single Malt Whiskey','default.jpg',1,'veg'),(242,'Glenmorangie Lasanta/Quanta (30ml)','Highland single malt finished in Oloroso Sherry and Pedro Ximénez casks (30ml shot)',595.00,'Beverages','Single Malt Whiskey','default.jpg',1,'veg'),(243,'Glenmorangie Lasanta/Quanta (Bottle)','Highland single malt finished in Oloroso Sherry and Pedro Ximénez casks (Full Bottle)',11999.00,'Beverages','Single Malt Whiskey','default.jpg',1,'veg'),(244,'Aberlour 12 YO (30ml)','Exceptional Speyside single malt double-cask matured in sherry and bourbon casks (30ml shot)',625.00,'Beverages','Single Malt Whiskey','default.jpg',1,'veg'),(245,'Aberlour 12 YO (Bottle)','Exceptional Speyside single malt double-cask matured in sherry and bourbon casks (Full Bottle)',12999.00,'Beverages','Single Malt Whiskey','default.jpg',1,'veg'),(246,'Singleton of Dufftown 15 YO (30ml)','Superbly structured and elegant aged Speyside single malt (30ml shot)',625.00,'Beverages','Single Malt Whiskey','default.jpg',1,'veg'),(247,'Singleton of Dufftown 15 YO (Bottle)','Superbly structured and elegant aged Speyside single malt (Full Bottle)',12999.00,'Beverages','Single Malt Whiskey','default.jpg',1,'veg'),(248,'Glenfiddich 15 YO (30ml)','Aged Speyside single malt finished using Solera vat system (30ml shot)',675.00,'Beverages','Single Malt Whiskey','default.jpg',1,'veg'),(249,'Glenfiddich 15 YO (Bottle)','Aged Speyside single malt finished using Solera vat system (Full Bottle)',13999.00,'Beverages','Single Malt Whiskey','default.jpg',1,'veg'),(250,'Glenlivet 15 YO (30ml)','Speyside single malt matured in selected French Limousin oak casks (30ml shot)',675.00,'Beverages','Single Malt Whiskey','default.jpg',1,'veg'),(251,'Glenlivet 15 YO (Bottle)','Speyside single malt matured in selected French Limousin oak casks (Full Bottle)',13999.00,'Beverages','Single Malt Whiskey','default.jpg',1,'veg'),(252,'Aberlour 16 YO (30ml)','Double cask matured aged Speyside single malt representing deep spicy wood tones (30ml shot)',725.00,'Beverages','Single Malt Whiskey','default.jpg',1,'veg'),(253,'Aberlour 16 YO (Bottle)','Double cask matured aged Speyside single malt representing deep spicy wood tones (Full Bottle)',15999.00,'Beverages','Single Malt Whiskey','default.jpg',1,'veg'),(254,'Singleton of Dufftown 18 YO (30ml)','Sublimely smooth and honeyed matured Speyside single malt (30ml shot)',745.00,'Beverages','Single Malt Whiskey','default.jpg',1,'veg'),(255,'Singleton of Dufftown 18 YO (Bottle)','Sublimely smooth and honeyed matured Speyside single malt (Full Bottle)',16999.00,'Beverages','Single Malt Whiskey','default.jpg',1,'veg'),(256,'Glenlivet 18 YO (30ml)','Multi-award winning classic Speyside single malt aged in American and Sherry oak (30ml shot)',745.00,'Beverages','Single Malt Whiskey','default.jpg',1,'veg'),(257,'Glenlivet 18 YO (Bottle)','Multi-award winning classic Speyside single malt aged in American and Sherry oak (Full Bottle)',16999.00,'Beverages','Single Malt Whiskey','default.jpg',1,'veg'),(258,'Glenfiddich 18 YO (30ml)','Small batch matured Speyside single malt distilled in Spanish Oloroso and American oak (30ml shot)',745.00,'Beverages','Single Malt Whiskey','default.jpg',1,'veg'),(259,'Glenfiddich 18 YO (Bottle)','Small batch matured Speyside single malt distilled in Spanish Oloroso and American oak (Full Bottle)',16999.00,'Beverages','Single Malt Whiskey','default.jpg',1,'veg'),(260,'Jim Beam Bourbon (30ml)','Classic Kentucky straight bourbon whiskey aged 4 years (30ml shot)',395.00,'Beverages','Other World Whiskey','default.jpg',1,'veg'),(261,'Jim Beam Bourbon (Bottle)','Classic Kentucky straight bourbon whiskey aged 4 years (Full Bottle)',7495.00,'Beverages','Other World Whiskey','default.jpg',1,'veg'),(262,'Jameson Irish Whiskey (30ml)','Smooth triple-distilled signature Irish blended whiskey (30ml shot)',475.00,'Beverages','Other World Whiskey','default.jpg',1,'veg'),(263,'Jameson Irish Whiskey (Bottle)','Smooth triple-distilled signature Irish blended whiskey (Full Bottle)',9495.00,'Beverages','Other World Whiskey','default.jpg',1,'veg'),(264,'Jack Daniel\'s Old No. 7 (30ml)','Classic Tennessee charcoal-mellowed sour mash whiskey (30ml shot)',475.00,'Beverages','Other World Whiskey','default.jpg',1,'veg'),(265,'Jack Daniel\'s Old No. 7 (Bottle)','Classic Tennessee charcoal-mellowed sour mash whiskey (Full Bottle)',9495.00,'Beverages','Other World Whiskey','default.jpg',1,'veg'),(266,'Maker\'s Mark Bourbon (30ml)','Premium handmade Kentucky straight bourbon whiskey crafted with red winter wheat (30ml shot)',525.00,'Beverages','Other World Whiskey','default.jpg',1,'veg'),(267,'Maker\'s Mark Bourbon (Bottle)','Premium handmade Kentucky straight bourbon whiskey crafted with red winter wheat (Full Bottle)',10495.00,'Beverages','Other World Whiskey','default.jpg',1,'veg'),(268,'Gentleman Jack (30ml)','Super-premium Tennessee whiskey double-mellowed through maple charcoal (30ml shot)',575.00,'Beverages','Other World Whiskey','default.jpg',1,'veg'),(269,'Gentleman Jack (Bottle)','Super-premium Tennessee whiskey double-mellowed through maple charcoal (Full Bottle)',10495.00,'Beverages','Other World Whiskey','default.jpg',1,'veg'),(270,'Suntory Toki Japanese Whisky (30ml)','Japanese blended whiskey showcasing malt and grain characters (30ml shot)',575.00,'Beverages','Other World Whiskey','default.jpg',1,'veg'),(271,'Suntory Toki Japanese Whisky (Bottle)','Japanese blended whiskey showcasing malt and grain characters (Full Bottle)',10495.00,'Beverages','Other World Whiskey','default.jpg',1,'veg'),(272,'Yamazaki Single Malt (30ml)','Japanese premier single malt whiskey from Yamazaki distillery (30ml shot)',999.00,'Beverages','Other World Whiskey','default.jpg',1,'veg'),(273,'Yamazaki Single Malt (Bottle)','Japanese premier single malt whiskey from Yamazaki distillery (Full Bottle)',20995.00,'Beverages','Other World Whiskey','default.jpg',1,'veg'),(274,'Hibiki Japanese Harmony (30ml)','Exquisite blended Japanese whiskey composed of over ten malt and grain whiskies (30ml shot)',1199.00,'Beverages','Other World Whiskey','default.jpg',1,'veg'),(275,'Hibiki Japanese Harmony (Bottle)','Exquisite blended Japanese whiskey composed of over ten malt and grain whiskies (Full Bottle)',24995.00,'Beverages','Other World Whiskey','default.jpg',1,'veg'),(276,'Sula Brut (Bottle)','Premium Indian sparkling wine showing tropical fruit and honeyed notes (Full Bottle)',5595.00,'Beverages','Sparkling / Champagne','default.jpg',1,'veg'),(277,'Martini Prosecco DOC (Bottle)','Classic dry Italian sparkling prosecco wine (Full Bottle)',6995.00,'Beverages','Sparkling / Champagne','default.jpg',1,'veg'),(278,'Chandon Brut (Bottle)','Elegant sparkling wine showcasing crisp green apple and citrus flavors (Full Bottle)',7995.00,'Beverages','Sparkling / Champagne','default.jpg',1,'veg'),(279,'Moët & Chandon Brut (Bottle)','World-famous iconic dry French Champagne (Full Bottle)',25995.00,'Beverages','Sparkling / Champagne','default.jpg',1,'veg'),(280,'Dom Pérignon (Bottle)','Ultra-premium vintage prestige cuvée French Champagne of ultimate luxury (Full Bottle)',69995.00,'Beverages','Sparkling / Champagne','default.jpg',1,'veg'),(281,'Sula Cabernet Shiraz (Glass)','Indian red wine showcasing cherry, pepper, and oak wood flavors (Glass)',675.00,'Beverages','Red Wine','default.jpg',1,'veg'),(282,'Sula Cabernet Shiraz (Bottle)','Indian red wine showcasing cherry, pepper, and oak wood flavors (Full Bottle)',3250.00,'Beverages','Red Wine','default.jpg',1,'veg'),(283,'Sula Satori (Glass)','Medium-bodied smooth red wine blend of Tempranillo and Shiraz (Glass)',675.00,'Beverages','Red Wine','default.jpg',1,'veg'),(284,'Sula Satori (Bottle)','Medium-bodied smooth red wine blend of Tempranillo and Shiraz (Full Bottle)',3250.00,'Beverages','Red Wine','default.jpg',1,'veg'),(285,'Jacob\'s Creek Cabernet Shiraz (Glass)','Classic smooth Australian red wine blend (Glass)',925.00,'Beverages','Red Wine','default.jpg',1,'veg'),(286,'Jacob\'s Creek Cabernet Shiraz (Bottle)','Classic smooth Australian red wine blend (Full Bottle)',4595.00,'Beverages','Red Wine','default.jpg',1,'veg'),(287,'Sula Rasa Red (Glass)','Premium reserve Shiraz red wine matured in French oak barrels (Glass)',925.00,'Beverages','Red Wine','default.jpg',1,'veg'),(288,'Sula Rasa Red (Bottle)','Premium reserve Shiraz red wine matured in French oak barrels (Full Bottle)',4595.00,'Beverages','Red Wine','default.jpg',1,'veg'),(289,'Sula Sauvignon Blanc (Glass)','Crisp and dry Indian white wine showing fresh herb and citrus notes (Glass)',675.00,'Beverages','White Wine','default.jpg',1,'veg'),(290,'Sula Sauvignon Blanc (Bottle)','Crisp and dry Indian white wine showing fresh herb and citrus notes (Full Bottle)',2795.00,'Beverages','White Wine','default.jpg',1,'veg'),(291,'Sula Dindori Chardonnay (Glass)','Indian reserve oak-aged Chardonnay white wine (Glass)',675.00,'Beverages','White Wine','default.jpg',1,'veg'),(292,'Sula Dindori Chardonnay (Bottle)','Indian reserve oak-aged Chardonnay white wine (Full Bottle)',2795.00,'Beverages','White Wine','default.jpg',1,'veg'),(293,'Jacob\'s Creek Chardonnay (Glass)','Premium Australian Chardonnay white wine showing oaky melon flavours (Glass)',875.00,'Beverages','White Wine','default.jpg',1,'veg'),(294,'Jacob\'s Creek Chardonnay (Bottle)','Premium Australian Chardonnay white wine showing oaky melon flavours (Full Bottle)',4595.00,'Beverages','White Wine','default.jpg',1,'veg'),(295,'Sula Rose (Glass)','Popular semi-dry Indian rosé wine with fresh red fruit flavours (Glass)',675.00,'Beverages','Rose Wine','default.jpg',1,'veg'),(296,'Sula Rose (Bottle)','Popular semi-dry Indian rosé wine with fresh red fruit flavours (Full Bottle)',2795.00,'Beverages','Rose Wine','default.jpg',1,'veg'),(297,'Nutrition Combination','A healthy concoction of fresh juice of Apple, Beetroot, Carrot.',495.00,'Beverages','Detox','default.jpg',1,'veg'),(298,'Super Power','Nutritious blend of fresh Orange, Celery Stick, and Ginger.',495.00,'Beverages','Detox','default.jpg',1,'veg'),(299,'Cure of Sure','Healing juice of fresh Pineapple, Carrot, Turmeric, and Black Pepper.',495.00,'Beverages','Detox','default.jpg',1,'veg'),(300,'Blushing Kaffir Lime','Refreshing blend of Watermelon, Kaffir Lime, Lime, and soda.',525.00,'Beverages','Signature Mocktails','uploads/menu/dish_6a43bc815a0ca7.15927514.jpg',1,'veg'),(301,'Roselle Fiz','Floral mix of Hibiscus Tea, Lime, and Mint topped with Tonic.',525.00,'Beverages','Signature Mocktails','default.jpg',1,'veg'),(302,'Super Power Mocktail','Fruity mix of Passion Fruits Puree, Green Apple, Basil, and Red Bull.',625.00,'Beverages','Signature Mocktails','default.jpg',1,'veg'),(303,'Coffee Tonic','Cold Brew Coffee, Blueberry Puree, and Indian Tonic.',525.00,'Beverages','Signature Mocktails','default.jpg',1,'veg'),(304,'Spice \'N\' Nice','Homemade Spice Syrup, Apple Juice, Peach Juice, topped up with Ginger Ale.',525.00,'Beverages','Signature Mocktails','default.jpg',1,'veg'),(305,'Virgin Mojito','Classic Lime Chunks, Mint Leaves, Castor Sugar, Lime Juice topped up with Soda.',425.00,'Beverages','Signature Mocktails','default.jpg',1,'veg'),(311,'Iced Americano','An Espresso shot mixed with water and ice.',395.00,'Beverages','Coffee (Cold)','default.jpg',1,'veg'),(312,'Iced Latte','An Espresso shot mixed with cold milk and ice.',395.00,'Beverages','Coffee (Cold)','default.jpg',1,'veg'),(313,'Iced Mocha','A smooth combination of Espresso, Belgian Chocolate, milk, and ice.',395.00,'Beverages','Coffee (Cold)','default.jpg',1,'veg'),(314,'Iced Chocolate','A complex mix of rich Belgian Chocolate, milk, and ice.',425.00,'Beverages','Coffee (Cold)','default.jpg',1,'veg'),(315,'Affogato','A shot of hot Espresso poured over premium vanilla ice-cream.',425.00,'Beverages','Coffee (Cold)','default.jpg',1,'veg'),(316,'Cold Coffee','Double shot of espresso mixed with milk, blended over ice for thick foam.',425.00,'Beverages','Coffee (Cold)','default.jpg',1,'veg'),(317,'Hazelnut Cold Coffee','Double shot of espresso blended with milk, hazelnut syrup, and ice.',475.00,'Beverages','Coffee (Cold)','default.jpg',1,'veg'),(318,'Caramel Cold Coffee','Double shot of espresso blended with milk, caramel syrup, and ice.',475.00,'Beverages','Coffee (Cold)','default.jpg',1,'veg'),(319,'Mocha Cold Coffee','Double shot of espresso blended with milk, chocolate syrup, and ice.',475.00,'Beverages','Coffee (Cold)','default.jpg',1,'veg'),(320,'Brownie Crumb Frappe','Mix of coffee frappe blended with crumbs of delicious chocolate brownie.',425.00,'Beverages','Coffee (Cold)','default.jpg',1,'veg'),(321,'Mocha Chip Frappe','Crunchy chocolate frappe blended with premium dark chocolate chips.',425.00,'Beverages','Coffee (Cold)','default.jpg',1,'veg'),(322,'Oreo Chocolate Frappe','Classic combination of Oreo cookies, rich chocolate, and coffee.',425.00,'Beverages','Coffee (Cold)','default.jpg',1,'veg'),(323,'Strawberry Shake','Frozen strawberry, strawberry crush, ice cream, jam, and milk.',395.00,'Beverages','Shakes & Smoothies','default.jpg',1,'veg'),(324,'Biscoff Shake','Thick milkshake blended with premium Lotus Biscoff cookie butter.',495.00,'Beverages','Shakes & Smoothies','default.jpg',1,'veg'),(325,'Banana & Berry Charmer','A healthy smoothie of bananas, blueberry, yogurt, and sweet spices.',425.00,'Beverages','Shakes & Smoothies','default.jpg',1,'veg'),(326,'Mixed Berry Smoothie','All-time favorite smoothie of mixed berries, Greek yogurt, honey, and bananas.',425.00,'Beverages','Shakes & Smoothies','default.jpg',1,'veg'),(327,'Energy in a Smoothie','Nutrient-packed smoothie of peanut butter, banana, honey, cocoa, and chia seeds.',425.00,'Beverages','Shakes & Smoothies','default.jpg',1,'veg'),(328,'Mango Smoothie','Mango puree, mango juice, curd, milk, saffron, and cardamom.',425.00,'Beverages','Shakes & Smoothies','default.jpg',1,'veg'),(341,'Red Bull','Premium energy drink (Can).',325.00,'Beverages','Quenchers','default.jpg',1,'veg'),(342,'Sparkling Water','Carbonated fizzy sparkling water (330ml).',325.00,'Beverages','Quenchers','default.jpg',1,'veg'),(343,'Fresh Lime Water / Soda','Freshly squeezed lime with choice of sweet, salted, or mixed water/soda.',345.00,'Beverages','Quenchers','default.jpg',1,'veg'),(344,'Sepoy & Co Tonic Water','Premium carbonated tonic water mixer.',325.00,'Beverages','Quenchers','default.jpg',1,'veg'),(345,'Mineral Water','Bottled pure mineral drinking water.',225.00,'Beverages','Quenchers','default.jpg',1,'veg'),(346,'Schweppes Tonic / Ginger Ale','Premium tonic water or ginger ale mixer.',195.00,'Beverages','Quenchers','default.jpg',1,'veg'),(347,'Aerated Drink','Choice of Coke, Thums Up, Sprite, or Diet Coke.',225.00,'Beverages','Quenchers','default.jpg',1,'veg'),(348,'Penne Arrabbiata','Classic spicy tomato sauce pasta with garlic and chili flakes',495.00,'Pasta & Risotto Station','','default.jpg',1,'veg'),(349,'Mushroom Risotto','Creamy arborio rice cooked with wild mushrooms and parmesan',545.00,'Pasta & Risotto Station','','default.jpg',1,'veg'),(350,'Dahi Ke Kebab','Crispy hung curd patties blended with spices and coriander',395.00,'Veg Appetizer','','default.jpg',1,'veg'),(351,'Stuffed Mushroom Tikka','Button mushrooms stuffed with cheese and herbs, grilled in tandoor',425.00,'Veg Appetizer','','default.jpg',1,'veg'),(352,'Paneer Butter Masala','Soft cottage cheese cubes cooked in rich tomato and butter gravy',445.00,'Veg Indian Main Course','','default.jpg',1,'veg'),(353,'Dal Makhani','Slow-cooked black lentils finished with cream and butter',395.00,'Veg Indian Main Course','','default.jpg',1,'veg'),(354,'Medusa Butter Chicken','Tandoori chicken tikka cooked in our signature velvety tomato gravy',545.00,'Non-Veg Indian Main Course','','default.jpg',1,'nonveg'),(355,'Rara Gosht','Mutton pieces cooked along with minced lamb in spicy rich gravy',625.00,'Non-Veg Indian Main Course','','default.jpg',1,'nonveg'),(356,'Tandoori Soya Chaap','Soya chaap marinated in yogurt and spices, grilled in clay oven',375.00,'Tandoori Starter','','default.jpg',1,'veg'),(357,'Tandoori Chicken (Half)','Classic bone-in chicken marinated in tandoori spices and cooked to perfection',485.00,'Tandoori Starter','','default.jpg',1,'nonveg');
/*!40000 ALTER TABLE `food_items` ENABLE KEYS */;
UNLOCK TABLES;

--
-- Table structure for table `login_activity_logs`
--

DROP TABLE IF EXISTS `login_activity_logs`;
/*!40101 SET @saved_cs_client     = @@character_set_client */;
/*!40101 SET character_set_client = utf8 */;
CREATE TABLE `login_activity_logs` (
  `id` int(11) NOT NULL AUTO_INCREMENT,
  `user_id` int(11) DEFAULT NULL,
  `ip_address` varchar(45) NOT NULL,
  `user_agent` text NOT NULL,
  `login_time` timestamp NOT NULL DEFAULT current_timestamp(),
  `status` varchar(20) DEFAULT 'success',
  PRIMARY KEY (`id`),
  KEY `fk_login_logs_users` (`user_id`)
) ENGINE=InnoDB AUTO_INCREMENT=217 DEFAULT CHARSET=utf8mb4 COLLATE=utf8mb4_general_ci;
/*!40101 SET character_set_client = @saved_cs_client */;

--
-- Dumping data for table `login_activity_logs`
--

LOCK TABLES `login_activity_logs` WRITE;
/*!40000 ALTER TABLE `login_activity_logs` DISABLE KEYS */;
INSERT INTO `login_activity_logs` VALUES (1,2,'::1','Mozilla/5.0 (Windows NT 10.0; Win64; x64) AppleWebKit/537.36 (KHTML, like Gecko) Chrome/148.0.0.0 Safari/537.36','2026-06-06 13:25:14','success'),(2,2,'::1','Mozilla/5.0 (Windows NT 10.0; Win64; x64) AppleWebKit/537.36 (KHTML, like Gecko) Chrome/148.0.0.0 Safari/537.36','2026-06-06 14:16:54','success'),(3,1,'::1','Mozilla/5.0 (Linux; Android 6.0; Nexus 5 Build/MRA58N) AppleWebKit/537.36 (KHTML, like Gecko) Chrome/148.0.0.0 Mobile Safari/537.36','2026-06-06 14:30:50','success'),(4,1,'::1','Mozilla/5.0 (Linux; Android 6.0; Nexus 5 Build/MRA58N) AppleWebKit/537.36 (KHTML, like Gecko) Chrome/148.0.0.0 Mobile Safari/537.36','2026-06-06 14:41:35','success'),(5,2,'::1','Unknown','2026-06-06 15:04:43','success'),(6,2,'::1','Mozilla/5.0 (Windows NT 10.0; Win64; x64) AppleWebKit/537.36 (KHTML, like Gecko) Chrome/148.0.0.0 Safari/537.36','2026-06-06 15:05:08','success'),(7,2,'::1','Mozilla/5.0 (Windows NT 10.0; Win64; x64) AppleWebKit/537.36 (KHTML, like Gecko) Chrome/148.0.0.0 Safari/537.36','2026-06-06 15:15:54','success'),(8,2,'::1','Mozilla/5.0 (Windows NT 10.0; Win64; x64) AppleWebKit/537.36 (KHTML, like Gecko) Chrome/148.0.0.0 Safari/537.36','2026-06-06 15:16:02','success'),(9,2,'::1','Mozilla/5.0 (Windows NT 10.0; Win64; x64) AppleWebKit/537.36 (KHTML, like Gecko) Chrome/148.0.0.0 Safari/537.36','2026-06-06 15:16:14','success'),(10,2,'::1','Mozilla/5.0 (Windows NT 10.0; Win64; x64) AppleWebKit/537.36 (KHTML, like Gecko) Chrome/148.0.0.0 Safari/537.36','2026-06-08 04:48:54','success'),(11,1,'::1','Mozilla/5.0 (Windows NT 10.0; Win64; x64) AppleWebKit/537.36 (KHTML, like Gecko) Chrome/148.0.0.0 Safari/537.36','2026-06-08 04:55:10','success'),(12,2,'::1','Mozilla/5.0 (Windows NT 10.0; Win64; x64) AppleWebKit/537.36 (KHTML, like Gecko) Chrome/148.0.0.0 Safari/537.36','2026-06-08 04:57:17','success'),(13,2,'::1','Mozilla/5.0 (Windows NT 10.0; Win64; x64) AppleWebKit/537.36 (KHTML, like Gecko) Chrome/148.0.0.0 Safari/537.36','2026-06-08 05:07:00','success'),(14,1,'::1','Mozilla/5.0 (Windows NT 10.0; Win64; x64) AppleWebKit/537.36 (KHTML, like Gecko) Chrome/148.0.0.0 Safari/537.36','2026-06-08 05:29:26','success'),(15,1,'::1','Mozilla/5.0 (Windows NT 10.0; Win64; x64) AppleWebKit/537.36 (KHTML, like Gecko) Chrome/148.0.0.0 Safari/537.36','2026-06-08 05:45:01','success'),(16,2,'::1','Mozilla/5.0 (Windows NT 10.0; Win64; x64) AppleWebKit/537.36 (KHTML, like Gecko) Chrome/148.0.0.0 Safari/537.36','2026-06-08 06:01:49','success'),(17,1,'::1','Mozilla/5.0 (Windows NT 10.0; Win64; x64) AppleWebKit/537.36 (KHTML, like Gecko) Chrome/148.0.0.0 Safari/537.36','2026-06-08 06:03:07','success'),(18,2,'::1','Mozilla/5.0 (Windows NT 10.0; Win64; x64) AppleWebKit/537.36 (KHTML, like Gecko) Chrome/148.0.0.0 Safari/537.36','2026-06-08 06:24:23','success'),(19,2,'::1','Mozilla/5.0 (Windows NT 10.0; Win64; x64) AppleWebKit/537.36 (KHTML, like Gecko) Chrome/148.0.0.0 Safari/537.36','2026-06-08 09:49:22','success'),(20,2,'::1','Mozilla/5.0 (Windows NT 10.0; Win64; x64) AppleWebKit/537.36 (KHTML, like Gecko) Chrome/148.0.0.0 Safari/537.36','2026-06-08 10:37:13','success'),(21,1,'::1','Mozilla/5.0 (Windows NT 10.0; Win64; x64) AppleWebKit/537.36 (KHTML, like Gecko) Chrome/148.0.0.0 Safari/537.36','2026-06-08 12:22:09','success'),(22,2,'::1','Mozilla/5.0 (Windows NT 10.0; Win64; x64) AppleWebKit/537.36 (KHTML, like Gecko) Chrome/148.0.0.0 Safari/537.36','2026-06-08 12:44:15','success'),(23,10,'::1','Mozilla/5.0 (Windows NT 10.0; Win64; x64) AppleWebKit/537.36 (KHTML, like Gecko) Chrome/148.0.0.0 Safari/537.36','2026-06-08 16:58:10','success'),(24,10,'::1','Mozilla/5.0 (Windows NT 10.0; Win64; x64) AppleWebKit/537.36 (KHTML, like Gecko) Chrome/148.0.0.0 Safari/537.36','2026-06-08 16:58:32','success'),(25,2,'::1','Mozilla/5.0 (Windows NT 10.0; Win64; x64) AppleWebKit/537.36 (KHTML, like Gecko) Chrome/148.0.0.0 Safari/537.36','2026-06-08 17:14:34','success'),(27,1,'::1','Mozilla/5.0 (Windows NT 10.0; Win64; x64) AppleWebKit/537.36 (KHTML, like Gecko) Chrome/148.0.0.0 Safari/537.36','2026-06-08 18:10:22','success'),(28,2,'::1','Mozilla/5.0 (Windows NT 10.0; Win64; x64) AppleWebKit/537.36 (KHTML, like Gecko) Chrome/148.0.0.0 Safari/537.36','2026-06-09 07:43:18','success'),(29,2,'::1','Mozilla/5.0 (Windows NT 10.0; Win64; x64) AppleWebKit/537.36 (KHTML, like Gecko) Chrome/148.0.0.0 Safari/537.36','2026-06-09 07:48:09','success'),(30,2,'::1','Mozilla/5.0 (Windows NT 10.0; Win64; x64) AppleWebKit/537.36 (KHTML, like Gecko) Chrome/148.0.0.0 Safari/537.36','2026-06-09 07:48:27','success'),(31,2,'::1','Mozilla/5.0 (Windows NT 10.0; Win64; x64) AppleWebKit/537.36 (KHTML, like Gecko) Chrome/148.0.0.0 Safari/537.36','2026-06-09 07:48:37','success'),(32,2,'::1','Mozilla/5.0 (Windows NT 10.0; Win64; x64) AppleWebKit/537.36 (KHTML, like Gecko) Chrome/148.0.0.0 Safari/537.36','2026-06-09 07:48:52','success'),(33,2,'::1','Mozilla/5.0 (Windows NT 10.0; Win64; x64) AppleWebKit/537.36 (KHTML, like Gecko) Chrome/148.0.0.0 Safari/537.36','2026-06-09 07:51:01','success'),(34,12,'::1','Mozilla/5.0 (Windows NT 10.0; Win64; x64) AppleWebKit/537.36 (KHTML, like Gecko) Chrome/148.0.0.0 Safari/537.36','2026-06-09 10:49:09','success'),(35,1,'::1','Mozilla/5.0 (Windows NT 10.0; Win64; x64) AppleWebKit/537.36 (KHTML, like Gecko) Chrome/148.0.0.0 Safari/537.36','2026-06-09 11:04:23','success'),(36,1,'::1','Mozilla/5.0 (Windows NT 10.0; Win64; x64) AppleWebKit/537.36 (KHTML, like Gecko) Chrome/148.0.0.0 Safari/537.36','2026-06-09 11:06:31','success'),(37,1,'::1','Mozilla/5.0 (Windows NT 10.0; Win64; x64) AppleWebKit/537.36 (KHTML, like Gecko) Chrome/148.0.0.0 Safari/537.36','2026-06-09 11:06:55','success'),(38,1,'::1','Mozilla/5.0 (Windows NT 10.0; Win64; x64) AppleWebKit/537.36 (KHTML, like Gecko) Chrome/148.0.0.0 Safari/537.36','2026-06-09 11:07:45','success'),(39,1,'::1','Mozilla/5.0 (Windows NT 10.0; Win64; x64) AppleWebKit/537.36 (KHTML, like Gecko) Chrome/148.0.0.0 Safari/537.36','2026-06-09 11:09:14','success'),(40,1,'::1','Mozilla/5.0 (Windows NT 10.0; Win64; x64) AppleWebKit/537.36 (KHTML, like Gecko) Chrome/148.0.0.0 Safari/537.36','2026-06-09 12:06:00','success'),(41,2,'::1','Mozilla/5.0 (Windows NT 10.0; Win64; x64) AppleWebKit/537.36 (KHTML, like Gecko) Chrome/148.0.0.0 Safari/537.36','2026-06-09 12:38:57','success'),(42,1,'::1','Mozilla/5.0 (Windows NT 10.0; Win64; x64) AppleWebKit/537.36 (KHTML, like Gecko) Chrome/148.0.0.0 Safari/537.36','2026-06-09 12:56:09','success'),(43,1,'::1','Mozilla/5.0 (Windows NT 10.0; Win64; x64) AppleWebKit/537.36 (KHTML, like Gecko) Chrome/148.0.0.0 Safari/537.36','2026-06-10 06:11:21','success'),(44,1,'::1','Mozilla/5.0 (Windows NT 10.0; Win64; x64) AppleWebKit/537.36 (KHTML, like Gecko) Chrome/148.0.0.0 Safari/537.36','2026-06-10 06:18:40','success'),(45,2,'::1','Mozilla/5.0 (Windows NT 10.0; Win64; x64) AppleWebKit/537.36 (KHTML, like Gecko) Chrome/148.0.0.0 Safari/537.36','2026-06-10 06:18:52','success'),(46,2,'::1','Mozilla/5.0 (Windows NT 10.0; Win64; x64) AppleWebKit/537.36 (KHTML, like Gecko) Chrome/148.0.0.0 Safari/537.36','2026-06-10 06:35:28','success'),(47,1,'::1','Mozilla/5.0 (Windows NT 10.0; Win64; x64) AppleWebKit/537.36 (KHTML, like Gecko) Chrome/148.0.0.0 Safari/537.36','2026-06-10 06:36:17','success'),(48,1,'::1','Mozilla/5.0 (Windows NT 10.0; Win64; x64) AppleWebKit/537.36 (KHTML, like Gecko) Chrome/148.0.0.0 Safari/537.36','2026-06-10 08:08:52','success'),(49,1,'::1','Mozilla/5.0 (Windows NT 10.0; Win64; x64) AppleWebKit/537.36 (KHTML, like Gecko) Chrome/148.0.0.0 Safari/537.36','2026-06-10 09:50:44','success'),(50,1,'::1','Mozilla/5.0 (Windows NT 10.0; Win64; x64) AppleWebKit/537.36 (KHTML, like Gecko) Chrome/148.0.0.0 Safari/537.36','2026-06-10 17:44:20','success'),(52,1,'::1','Mozilla/5.0 (Windows NT 10.0; Win64; x64) AppleWebKit/537.36 (KHTML, like Gecko) Chrome/148.0.0.0 Safari/537.36','2026-06-10 18:31:32','success'),(54,1,'::1','Mozilla/5.0 (Windows NT 10.0; Win64; x64) AppleWebKit/537.36 (KHTML, like Gecko) Chrome/148.0.0.0 Safari/537.36','2026-06-11 04:49:52','success'),(55,2,'::1','Mozilla/5.0 (Windows NT 10.0; Win64; x64) AppleWebKit/537.36 (KHTML, like Gecko) Chrome/149.0.0.0 Safari/537.36','2026-06-12 18:44:41','success'),(56,2,'::1','Mozilla/5.0 (Windows NT 10.0; Win64; x64) AppleWebKit/537.36 (KHTML, like Gecko) Chrome/149.0.0.0 Safari/537.36','2026-06-15 05:45:08','success'),(57,2,'::1','Mozilla/5.0 (Windows NT 10.0; Win64; x64) AppleWebKit/537.36 (KHTML, like Gecko) Chrome/149.0.0.0 Safari/537.36','2026-06-15 05:50:50','success'),(58,2,'::1','Mozilla/5.0 (Windows NT 10.0; Win64; x64) AppleWebKit/537.36 (KHTML, like Gecko) Chrome/149.0.0.0 Safari/537.36','2026-06-15 05:56:09','success'),(59,2,'::1','Mozilla/5.0 (Windows NT 10.0; Win64; x64) AppleWebKit/537.36 (KHTML, like Gecko) Chrome/149.0.0.0 Safari/537.36','2026-06-16 16:30:12','success'),(60,2,'::1','Mozilla/5.0 (Windows NT 10.0; Win64; x64) AppleWebKit/537.36 (KHTML, like Gecko) Chrome/149.0.0.0 Safari/537.36','2026-06-16 16:34:36','success'),(61,2,'::1','Mozilla/5.0 (Windows NT 10.0; Win64; x64) AppleWebKit/537.36 (KHTML, like Gecko) Chrome/149.0.0.0 Safari/537.36','2026-06-16 17:16:17','success'),(62,2,'::1','Mozilla/5.0 (Windows NT 10.0; Win64; x64) AppleWebKit/537.36 (KHTML, like Gecko) Chrome/149.0.0.0 Safari/537.36','2026-06-16 17:50:34','success'),(63,2,'::1','Mozilla/5.0 (Windows NT 10.0; Win64; x64) AppleWebKit/537.36 (KHTML, like Gecko) Chrome/149.0.0.0 Safari/537.36','2026-06-16 18:47:07','success'),(64,2,'::1','Mozilla/5.0 (Windows NT 10.0; Win64; x64) AppleWebKit/537.36 (KHTML, like Gecko) Chrome/149.0.0.0 Safari/537.36','2026-06-17 05:07:53','success'),(65,2,'::1','Mozilla/5.0 (Windows NT 10.0; Win64; x64) AppleWebKit/537.36 (KHTML, like Gecko) Chrome/149.0.0.0 Safari/537.36','2026-06-17 15:29:33','success'),(66,2,'::1','Mozilla/5.0 (Windows NT 10.0; Win64; x64) AppleWebKit/537.36 (KHTML, like Gecko) Chrome/149.0.0.0 Safari/537.36','2026-06-17 19:59:38','success'),(67,2,'::1','Mozilla/5.0 (Linux; Android 15; Pixel 9) AppleWebKit/537.36 (KHTML, like Gecko) Chrome/149.0.0.0 Mobile Safari/537.36','2026-06-17 20:31:51','success'),(68,1,'::1','Mozilla/5.0 (Windows NT 10.0; Win64; x64) AppleWebKit/537.36 (KHTML, like Gecko) Chrome/149.0.0.0 Safari/537.36','2026-06-17 20:48:23','success'),(69,2,'::1','Mozilla/5.0 (Windows NT 10.0; Win64; x64) AppleWebKit/537.36 (KHTML, like Gecko) Chrome/149.0.0.0 Safari/537.36','2026-06-17 21:33:36','success'),(70,2,'::1','Mozilla/5.0 (Windows NT 10.0; Win64; x64) AppleWebKit/537.36 (KHTML, like Gecko) Chrome/149.0.0.0 Safari/537.36','2026-06-18 05:02:53','success'),(71,2,'::1','Mozilla/5.0 (Windows NT 10.0; Win64; x64) AppleWebKit/537.36 (KHTML, like Gecko) Chrome/149.0.0.0 Safari/537.36','2026-06-18 05:06:45','success'),(72,2,'::1','Mozilla/5.0 (Windows NT 10.0; Win64; x64) AppleWebKit/537.36 (KHTML, like Gecko) Chrome/149.0.0.0 Safari/537.36','2026-06-18 07:24:11','success'),(73,2,'::1','Mozilla/5.0 (Windows NT 10.0; Win64; x64) AppleWebKit/537.36 (KHTML, like Gecko) Chrome/149.0.0.0 Safari/537.36','2026-06-18 07:24:27','success'),(74,2,'::1','Mozilla/5.0 (Windows NT 10.0; Win64; x64) AppleWebKit/537.36 (KHTML, like Gecko) Chrome/149.0.0.0 Safari/537.36','2026-06-18 09:55:13','success'),(75,2,'::1','Mozilla/5.0 (Windows NT 10.0; Win64; x64) AppleWebKit/537.36 (KHTML, like Gecko) Chrome/149.0.0.0 Safari/537.36','2026-06-18 11:51:59','success'),(76,2,'::1','Mozilla/5.0 (Windows NT 10.0; Win64; x64) AppleWebKit/537.36 (KHTML, like Gecko) Chrome/149.0.0.0 Safari/537.36','2026-06-19 07:22:17','success'),(77,2,'::1','Mozilla/5.0 (Windows NT 10.0; Win64; x64) AppleWebKit/537.36 (KHTML, like Gecko) Chrome/149.0.0.0 Safari/537.36','2026-06-22 05:41:49','success'),(78,2,'::1','Mozilla/5.0 (Windows NT 10.0; Win64; x64) AppleWebKit/537.36 (KHTML, like Gecko) Chrome/149.0.0.0 Safari/537.36','2026-06-22 07:06:57','success'),(79,1,'::1','Mozilla/5.0 (Windows NT 10.0; Win64; x64) AppleWebKit/537.36 (KHTML, like Gecko) Chrome/149.0.0.0 Safari/537.36','2026-06-22 07:27:10','success'),(80,1,'::1','Mozilla/5.0 (Windows NT 10.0; Win64; x64) AppleWebKit/537.36 (KHTML, like Gecko) Chrome/149.0.0.0 Safari/537.36','2026-06-22 07:30:27','success'),(81,2,'::1','Mozilla/5.0 (Windows NT 10.0; Win64; x64) AppleWebKit/537.36 (KHTML, like Gecko) Chrome/149.0.0.0 Safari/537.36','2026-06-22 07:31:25','success'),(82,1,'::1','Mozilla/5.0 (Windows NT 10.0; Win64; x64) AppleWebKit/537.36 (KHTML, like Gecko) Chrome/149.0.0.0 Safari/537.36','2026-06-22 07:36:16','success'),(83,2,'::1','Mozilla/5.0 (Windows NT 10.0; Win64; x64) AppleWebKit/537.36 (KHTML, like Gecko) Chrome/149.0.0.0 Safari/537.36','2026-06-22 07:41:40','success'),(84,2,'::1','Mozilla/5.0 (Windows NT 10.0; Win64; x64) AppleWebKit/537.36 (KHTML, like Gecko) Chrome/149.0.0.0 Safari/537.36','2026-06-22 08:29:02','success'),(87,2,'::1','Mozilla/5.0 (Windows NT 10.0; Win64; x64) AppleWebKit/537.36 (KHTML, like Gecko) Chrome/149.0.0.0 Safari/537.36','2026-06-22 13:14:20','success'),(88,2,'::1','Mozilla/5.0 (Windows NT 10.0; Win64; x64) AppleWebKit/537.36 (KHTML, like Gecko) Chrome/149.0.0.0 Safari/537.36','2026-06-22 15:32:28','success'),(89,2,'::1','Mozilla/5.0 (Windows NT 10.0; Win64; x64) AppleWebKit/537.36 (KHTML, like Gecko) Chrome/149.0.0.0 Safari/537.36','2026-06-22 15:32:41','success'),(90,2,'::1','Mozilla/5.0 (Windows NT 10.0; Win64; x64) AppleWebKit/537.36 (KHTML, like Gecko) Chrome/149.0.0.0 Safari/537.36','2026-06-23 01:45:56','success'),(91,2,'::1','Mozilla/5.0 (Windows NT 10.0; Win64; x64) AppleWebKit/537.36 (KHTML, like Gecko) Chrome/149.0.0.0 Safari/537.36','2026-06-23 04:21:37','success'),(92,1,'::1','Unknown','2026-06-23 04:51:22','success'),(93,2,'::1','Mozilla/5.0 (Windows NT 10.0; Win64; x64) AppleWebKit/537.36 (KHTML, like Gecko) Chrome/149.0.0.0 Safari/537.36','2026-06-23 04:53:18','success'),(94,2,'::1','Mozilla/5.0 (Windows NT 10.0; Win64; x64) AppleWebKit/537.36 (KHTML, like Gecko) Chrome/149.0.0.0 Safari/537.36','2026-06-23 05:06:44','success'),(95,2,'::1','Mozilla/5.0 (Windows NT 10.0; Win64; x64) AppleWebKit/537.36 (KHTML, like Gecko) Chrome/149.0.0.0 Safari/537.36','2026-06-23 05:12:30','success'),(96,2,'::1','Mozilla/5.0 (Windows NT 10.0; Win64; x64) AppleWebKit/537.36 (KHTML, like Gecko) Chrome/149.0.0.0 Safari/537.36','2026-06-23 05:24:25','success'),(97,2,'::1','Mozilla/5.0 (Windows NT 10.0; Win64; x64) AppleWebKit/537.36 (KHTML, like Gecko) Chrome/149.0.0.0 Safari/537.36','2026-06-23 05:37:29','success'),(98,2,'::1','Mozilla/5.0 (Windows NT 10.0; Win64; x64) AppleWebKit/537.36 (KHTML, like Gecko) Chrome/149.0.0.0 Safari/537.36','2026-06-23 07:16:51','success'),(99,2,'::1','Mozilla/5.0 (Windows NT 10.0; Win64; x64) AppleWebKit/537.36 (KHTML, like Gecko) Chrome/149.0.0.0 Safari/537.36','2026-06-23 08:05:56','success'),(100,2,'::1','Mozilla/5.0 (Windows NT 10.0; Win64; x64) AppleWebKit/537.36 (KHTML, like Gecko) Chrome/149.0.0.0 Safari/537.36','2026-06-23 08:47:14','success'),(101,1,'::1','Mozilla/5.0 (Windows NT 10.0; Win64; x64) AppleWebKit/537.36 (KHTML, like Gecko) Chrome/149.0.0.0 Safari/537.36','2026-06-23 11:31:46','success'),(102,1,'::1','Mozilla/5.0 (Windows NT 10.0; Win64; x64) AppleWebKit/537.36 (KHTML, like Gecko) Chrome/149.0.0.0 Safari/537.36','2026-06-23 11:35:32','success'),(103,2,'::1','Mozilla/5.0 (Windows NT 10.0; Win64; x64) AppleWebKit/537.36 (KHTML, like Gecko) Chrome/149.0.0.0 Safari/537.36','2026-06-23 12:13:51','success'),(104,1,'::1','Mozilla/5.0 (Windows NT 10.0; Win64; x64) AppleWebKit/537.36 (KHTML, like Gecko) Chrome/149.0.0.0 Safari/537.36','2026-06-23 12:24:19','success'),(105,2,'::1','Mozilla/5.0 (Windows NT 10.0; Win64; x64) AppleWebKit/537.36 (KHTML, like Gecko) Chrome/149.0.0.0 Safari/537.36','2026-06-23 12:25:04','success'),(106,2,'::1','Mozilla/5.0 (Windows NT 10.0; Win64; x64) AppleWebKit/537.36 (KHTML, like Gecko) Chrome/149.0.0.0 Safari/537.36','2026-06-23 15:15:28','success'),(107,2,'::1','Mozilla/5.0 (Windows NT 10.0; Win64; x64) AppleWebKit/537.36 (KHTML, like Gecko) Chrome/149.0.0.0 Safari/537.36','2026-06-23 15:19:14','success'),(108,2,'::1','Mozilla/5.0 (Windows NT 10.0; Win64; x64) AppleWebKit/537.36 (KHTML, like Gecko) Chrome/149.0.0.0 Safari/537.36','2026-06-23 16:08:21','success'),(109,2,'::1','Mozilla/5.0 (Windows NT 10.0; Win64; x64) AppleWebKit/537.36 (KHTML, like Gecko) Chrome/149.0.0.0 Safari/537.36','2026-06-23 18:23:55','success'),(110,1,'::1','Mozilla/5.0 (Windows NT 10.0; Win64; x64) AppleWebKit/537.36 (KHTML, like Gecko) Chrome/149.0.0.0 Safari/537.36','2026-06-23 18:31:15','success'),(111,2,'::1','Mozilla/5.0 (Windows NT 10.0; Win64; x64) AppleWebKit/537.36 (KHTML, like Gecko) Chrome/149.0.0.0 Safari/537.36','2026-06-23 18:49:19','success'),(112,2,'::1','Mozilla/5.0 (Windows NT 10.0; Win64; x64) AppleWebKit/537.36 (KHTML, like Gecko) Chrome/149.0.0.0 Safari/537.36','2026-06-24 05:18:07','success'),(113,2,'::1','Mozilla/5.0 (Windows NT 10.0; Win64; x64) AppleWebKit/537.36 (KHTML, like Gecko) Chrome/149.0.0.0 Safari/537.36','2026-06-24 05:56:09','success'),(114,2,'::1','Mozilla/5.0 (Windows NT 10.0; Win64; x64) AppleWebKit/537.36 (KHTML, like Gecko) Chrome/149.0.0.0 Safari/537.36','2026-06-24 07:52:46','success'),(115,2,'::1','Mozilla/5.0 (Windows NT 10.0; Win64; x64) AppleWebKit/537.36 (KHTML, like Gecko) Chrome/149.0.0.0 Safari/537.36','2026-06-24 07:53:38','success'),(116,2,'::1','Mozilla/5.0 (Windows NT 10.0; Win64; x64) AppleWebKit/537.36 (KHTML, like Gecko) Chrome/149.0.0.0 Safari/537.36','2026-06-24 08:23:42','success'),(117,2,'::1','Mozilla/5.0 (Windows NT 10.0; Win64; x64) AppleWebKit/537.36 (KHTML, like Gecko) Chrome/149.0.0.0 Safari/537.36','2026-06-24 08:38:40','success'),(118,2,'::1','Mozilla/5.0 (Windows NT 10.0; Win64; x64) AppleWebKit/537.36 (KHTML, like Gecko) Chrome/149.0.0.0 Safari/537.36','2026-06-24 10:03:36','success'),(119,2,'::1','Mozilla/5.0 (Windows NT 10.0; Win64; x64) AppleWebKit/537.36 (KHTML, like Gecko) Chrome/149.0.0.0 Safari/537.36','2026-06-24 12:24:14','success'),(120,2,'::1','Mozilla/5.0 (Windows NT 10.0; Win64; x64) AppleWebKit/537.36 (KHTML, like Gecko) Chrome/149.0.0.0 Safari/537.36','2026-06-24 16:04:01','success'),(121,1,'::1','Mozilla/5.0 (Windows NT 10.0; Win64; x64) AppleWebKit/537.36 (KHTML, like Gecko) Chrome/149.0.0.0 Safari/537.36','2026-06-24 17:47:53','success'),(122,1,'::1','Mozilla/5.0 (Windows NT 10.0; Win64; x64) AppleWebKit/537.36 (KHTML, like Gecko) Chrome/149.0.0.0 Safari/537.36','2026-06-24 17:55:10','success'),(123,1,'::1','Mozilla/5.0 (Windows NT 10.0; Win64; x64) AppleWebKit/537.36 (KHTML, like Gecko) Chrome/149.0.0.0 Safari/537.36','2026-06-24 18:14:24','success'),(124,2,'::1','Mozilla/5.0 (Windows NT 10.0; Win64; x64) AppleWebKit/537.36 (KHTML, like Gecko) Chrome/149.0.0.0 Safari/537.36','2026-06-24 18:47:05','success'),(125,2,'::1','Mozilla/5.0 (Windows NT 10.0; Win64; x64) AppleWebKit/537.36 (KHTML, like Gecko) Chrome/149.0.0.0 Safari/537.36','2026-06-24 18:51:00','success'),(126,2,'::1','Mozilla/5.0 (Windows NT 10.0; Win64; x64) AppleWebKit/537.36 (KHTML, like Gecko) Chrome/149.0.0.0 Safari/537.36','2026-06-25 05:23:08','success'),(127,1,'::1','Mozilla/5.0 (Windows NT 10.0; Win64; x64) AppleWebKit/537.36 (KHTML, like Gecko) Chrome/149.0.0.0 Safari/537.36','2026-06-25 05:44:17','success'),(128,1,'::1','Mozilla/5.0 (Windows NT 10.0; Win64; x64) AppleWebKit/537.36 (KHTML, like Gecko) Chrome/149.0.0.0 Safari/537.36','2026-06-25 05:50:29','success'),(129,9,'::1','Mozilla/5.0 (Windows NT 10.0; Win64; x64) AppleWebKit/537.36 (KHTML, like Gecko) Chrome/149.0.0.0 Safari/537.36','2026-06-25 06:03:25','success'),(130,1,'::1','Mozilla/5.0 (Windows NT 10.0; Win64; x64) AppleWebKit/537.36 (KHTML, like Gecko) Chrome/149.0.0.0 Safari/537.36','2026-06-25 06:05:34','success'),(131,2,'::1','Mozilla/5.0 (Windows NT 10.0; Win64; x64) AppleWebKit/537.36 (KHTML, like Gecko) Chrome/149.0.0.0 Safari/537.36','2026-06-25 06:55:29','success'),(132,9,'::1','Mozilla/5.0 (Windows NT 10.0; Win64; x64) AppleWebKit/537.36 (KHTML, like Gecko) Chrome/149.0.0.0 Safari/537.36','2026-06-25 07:04:54','success'),(133,9,'::1','Mozilla/5.0 (Windows NT 10.0; Win64; x64) AppleWebKit/537.36 (KHTML, like Gecko) Chrome/149.0.0.0 Safari/537.36','2026-06-25 07:05:30','success'),(134,2,'::1','Mozilla/5.0 (Windows NT 10.0; Win64; x64) AppleWebKit/537.36 (KHTML, like Gecko) Chrome/149.0.0.0 Safari/537.36','2026-06-25 07:05:42','success'),(135,9,'::1','Mozilla/5.0 (Windows NT 10.0; Win64; x64) AppleWebKit/537.36 (KHTML, like Gecko) Chrome/149.0.0.0 Safari/537.36','2026-06-25 08:02:32','success'),(136,1,'::1','Mozilla/5.0 (Windows NT 10.0; Win64; x64) AppleWebKit/537.36 (KHTML, like Gecko) Chrome/149.0.0.0 Safari/537.36','2026-06-25 08:36:12','success'),(137,9,'::1','Mozilla/5.0 (Windows NT 10.0; Win64; x64) AppleWebKit/537.36 (KHTML, like Gecko) Chrome/149.0.0.0 Safari/537.36','2026-06-25 10:22:14','success'),(138,2,'::1','Mozilla/5.0 (Windows NT 10.0; Win64; x64) AppleWebKit/537.36 (KHTML, like Gecko) Chrome/149.0.0.0 Safari/537.36','2026-06-25 10:48:03','success'),(139,2,'::1','Mozilla/5.0 (Windows NT 10.0; Win64; x64) AppleWebKit/537.36 (KHTML, like Gecko) Chrome/149.0.0.0 Safari/537.36','2026-06-25 11:32:19','success'),(140,1,'::1','Mozilla/5.0 (Windows NT 10.0; Win64; x64) AppleWebKit/537.36 (KHTML, like Gecko) Chrome/149.0.0.0 Safari/537.36','2026-06-25 16:13:28','success'),(141,1,'::1','Mozilla/5.0 (Windows NT 10.0; Win64; x64) AppleWebKit/537.36 (KHTML, like Gecko) Chrome/149.0.0.0 Safari/537.36','2026-06-25 16:38:29','success'),(142,1,'::1','Mozilla/5.0 (Windows NT 10.0; Win64; x64) AppleWebKit/537.36 (KHTML, like Gecko) Chrome/149.0.0.0 Safari/537.36','2026-06-26 05:30:15','success'),(143,2,'::1','Mozilla/5.0 (Windows NT 10.0; Win64; x64) AppleWebKit/537.36 (KHTML, like Gecko) Chrome/149.0.0.0 Safari/537.36','2026-06-26 05:33:15','success'),(144,1,'::1','Mozilla/5.0 (Windows NT 10.0; Win64; x64) AppleWebKit/537.36 (KHTML, like Gecko) Chrome/149.0.0.0 Safari/537.36','2026-06-26 05:39:47','success'),(145,1,'::1','Mozilla/5.0 (Windows NT 10.0; Win64; x64) AppleWebKit/537.36 (KHTML, like Gecko) Chrome/149.0.0.0 Safari/537.36','2026-06-26 06:56:28','success'),(146,9,'::1','Mozilla/5.0 (Windows NT 10.0; Win64; x64) AppleWebKit/537.36 (KHTML, like Gecko) Chrome/149.0.0.0 Safari/537.36','2026-06-26 07:43:02','success'),(147,1,'::1','Mozilla/5.0 (Windows NT 10.0; Win64; x64) AppleWebKit/537.36 (KHTML, like Gecko) Chrome/149.0.0.0 Safari/537.36','2026-06-26 07:43:58','success'),(148,1,'::1','Mozilla/5.0 (Windows NT 10.0; Win64; x64) AppleWebKit/537.36 (KHTML, like Gecko) Chrome/149.0.0.0 Safari/537.36','2026-06-26 09:39:33','success'),(149,9,'::1','Mozilla/5.0 (Windows NT 10.0; Win64; x64) AppleWebKit/537.36 (KHTML, like Gecko) Chrome/149.0.0.0 Safari/537.36','2026-06-26 10:42:48','success'),(150,1,'::1','Mozilla/5.0 (Windows NT 10.0; Win64; x64) AppleWebKit/537.36 (KHTML, like Gecko) Chrome/149.0.0.0 Safari/537.36','2026-06-26 11:48:03','success'),(151,9,'::1','Mozilla/5.0 (Windows NT 10.0; Win64; x64) AppleWebKit/537.36 (KHTML, like Gecko) Chrome/149.0.0.0 Safari/537.36','2026-06-26 11:51:36','success'),(152,1,'::1','Mozilla/5.0 (Windows NT 10.0; Win64; x64) AppleWebKit/537.36 (KHTML, like Gecko) Chrome/149.0.0.0 Safari/537.36','2026-06-26 12:01:55','success'),(153,1,'::1','Mozilla/5.0 (Windows NT 10.0; Win64; x64) AppleWebKit/537.36 (KHTML, like Gecko) Chrome/149.0.0.0 Safari/537.36','2026-06-26 12:17:40','success'),(154,1,'::1','Mozilla/5.0 (Windows NT 10.0; Win64; x64) AppleWebKit/537.36 (KHTML, like Gecko) Chrome/149.0.0.0 Safari/537.36','2026-06-26 12:43:30','success'),(155,2,'::1','Mozilla/5.0 (Windows NT 10.0; Win64; x64) AppleWebKit/537.36 (KHTML, like Gecko) Chrome/149.0.0.0 Safari/537.36','2026-06-26 12:43:39','success'),(156,1,'::1','Mozilla/5.0 (Windows NT 10.0; Win64; x64) AppleWebKit/537.36 (KHTML, like Gecko) Chrome/149.0.0.0 Safari/537.36','2026-06-26 12:45:04','success'),(157,1,'::1','Mozilla/5.0 (Windows NT 10.0; Win64; x64) AppleWebKit/537.36 (KHTML, like Gecko) Chrome/149.0.0.0 Safari/537.36','2026-06-27 06:21:15','success'),(158,1,'::1','Mozilla/5.0 (Windows NT 10.0; Win64; x64) AppleWebKit/537.36 (KHTML, like Gecko) Chrome/149.0.0.0 Safari/537.36','2026-06-27 06:44:13','success'),(159,1,'::1','Mozilla/5.0 (Windows NT 10.0; Win64; x64) AppleWebKit/537.36 (KHTML, like Gecko) Chrome/149.0.0.0 Safari/537.36','2026-06-27 06:52:40','success'),(160,2,'::1','Mozilla/5.0 (Windows NT 10.0; Win64; x64) AppleWebKit/537.36 (KHTML, like Gecko) Chrome/149.0.0.0 Safari/537.36','2026-06-27 15:39:07','success'),(161,2,'::1','Mozilla/5.0 (Windows NT 10.0; Win64; x64) AppleWebKit/537.36 (KHTML, like Gecko) Chrome/149.0.0.0 Safari/537.36','2026-06-27 16:32:59','success'),(162,2,'::1','Mozilla/5.0 (Windows NT 10.0; Win64; x64) AppleWebKit/537.36 (KHTML, like Gecko) Chrome/149.0.0.0 Safari/537.36','2026-06-27 16:38:32','success'),(163,2,'::1','Mozilla/5.0 (Windows NT 10.0; Win64; x64) AppleWebKit/537.36 (KHTML, like Gecko) Chrome/149.0.0.0 Safari/537.36','2026-06-27 17:10:32','success'),(164,1,'::1','Mozilla/5.0 (Windows NT 10.0; Win64; x64) AppleWebKit/537.36 (KHTML, like Gecko) Chrome/149.0.0.0 Safari/537.36','2026-06-28 05:13:17','success'),(165,1,'::1','Mozilla/5.0 (Windows NT 10.0; Win64; x64) AppleWebKit/537.36 (KHTML, like Gecko) Chrome/149.0.0.0 Safari/537.36','2026-06-28 05:54:47','success'),(166,1,'::1','Mozilla/5.0 (Windows NT 10.0; Win64; x64) AppleWebKit/537.36 (KHTML, like Gecko) Chrome/149.0.0.0 Safari/537.36','2026-06-28 06:03:56','success'),(167,2,'192.168.1.7','Mozilla/5.0 (Linux; Android 10; K) AppleWebKit/537.36 (KHTML, like Gecko) SamsungBrowser/30.0 Chrome/143.0.0.0 Mobile Safari/537.36','2026-06-28 06:12:43','success'),(168,1,'::1','Mozilla/5.0 (Windows NT 10.0; Win64; x64) AppleWebKit/537.36 (KHTML, like Gecko) Chrome/149.0.0.0 Safari/537.36','2026-06-28 06:23:11','success'),(169,1,'::1','Mozilla/5.0 (Windows NT 10.0; Win64; x64) AppleWebKit/537.36 (KHTML, like Gecko) Chrome/149.0.0.0 Safari/537.36','2026-06-28 07:12:23','success'),(170,1,'::1','Mozilla/5.0 (Linux; Android 15; Pixel 9) AppleWebKit/537.36 (KHTML, like Gecko) Chrome/149.0.0.0 Mobile Safari/537.36','2026-06-28 07:43:50','success'),(171,1,'::1','Mozilla/5.0 (Windows NT 10.0; Win64; x64) AppleWebKit/537.36 (KHTML, like Gecko) Chrome/149.0.0.0 Safari/537.36','2026-06-28 07:46:35','success'),(172,2,'::1','Mozilla/5.0 (Linux; Android 15; Pixel 9) AppleWebKit/537.36 (KHTML, like Gecko) Chrome/149.0.0.0 Mobile Safari/537.36','2026-06-28 08:24:16','success'),(173,1,'::1','Mozilla/5.0 (Windows NT 10.0; Win64; x64) AppleWebKit/537.36 (KHTML, like Gecko) Chrome/149.0.0.0 Safari/537.36','2026-06-29 04:52:28','success'),(174,2,'::1','Mozilla/5.0 (Windows NT 10.0; Win64; x64) AppleWebKit/537.36 (KHTML, like Gecko) Chrome/149.0.0.0 Safari/537.36','2026-06-29 04:57:14','success'),(175,2,'::1','Mozilla/5.0 (Windows NT 10.0; Win64; x64) AppleWebKit/537.36 (KHTML, like Gecko) Chrome/149.0.0.0 Safari/537.36','2026-06-29 05:55:31','success'),(176,1,'::1','Mozilla/5.0 (Windows NT 10.0; Win64; x64) AppleWebKit/537.36 (KHTML, like Gecko) Chrome/149.0.0.0 Safari/537.36','2026-06-29 06:07:59','success'),(177,1,'::1','Mozilla/5.0 (Windows NT 10.0; Win64; x64) AppleWebKit/537.36 (KHTML, like Gecko) Chrome/149.0.0.0 Safari/537.36','2026-06-29 06:54:38','success'),(178,1,'::1','Mozilla/5.0 (Windows NT 10.0; Win64; x64) AppleWebKit/537.36 (KHTML, like Gecko) Chrome/149.0.0.0 Safari/537.36','2026-06-29 07:30:44','success'),(179,1,'::1','Mozilla/5.0 (Windows NT 10.0; Win64; x64) AppleWebKit/537.36 (KHTML, like Gecko) Chrome/149.0.0.0 Safari/537.36','2026-06-29 14:20:32','success'),(180,1,'::1','Mozilla/5.0 (Windows NT 10.0; Win64; x64) AppleWebKit/537.36 (KHTML, like Gecko) Chrome/149.0.0.0 Safari/537.36','2026-06-29 14:23:52','success'),(181,1,'::1','Mozilla/5.0 (Linux; Android 15; Pixel 9) AppleWebKit/537.36 (KHTML, like Gecko) Chrome/149.0.0.0 Mobile Safari/537.36','2026-06-29 15:23:45','success'),(182,2,'::1','Mozilla/5.0 (Windows NT 10.0; Win64; x64) AppleWebKit/537.36 (KHTML, like Gecko) Chrome/149.0.0.0 Safari/537.36','2026-06-30 04:17:19','success'),(183,9,'::1','Mozilla/5.0 (Windows NT 10.0; Win64; x64) AppleWebKit/537.36 (KHTML, like Gecko) Chrome/149.0.0.0 Safari/537.36','2026-06-30 04:47:10','success'),(184,1,'::1','Mozilla/5.0 (Windows NT 10.0; Win64; x64) AppleWebKit/537.36 (KHTML, like Gecko) Chrome/149.0.0.0 Safari/537.36','2026-06-30 05:54:39','success'),(185,2,'::1','Mozilla/5.0 (Windows NT 10.0; Win64; x64) AppleWebKit/537.36 (KHTML, like Gecko) Chrome/149.0.0.0 Safari/537.36','2026-06-30 06:42:49','success'),(186,9,'::1','Mozilla/5.0 (Windows NT 10.0; Win64; x64) AppleWebKit/537.36 (KHTML, like Gecko) Chrome/149.0.0.0 Safari/537.36','2026-06-30 06:45:11','success'),(187,1,'::1','Mozilla/5.0 (Windows NT 10.0; Win64; x64) AppleWebKit/537.36 (KHTML, like Gecko) Chrome/149.0.0.0 Safari/537.36','2026-06-30 06:46:02','success'),(188,2,'::1','Mozilla/5.0 (Windows NT 10.0; Win64; x64) AppleWebKit/537.36 (KHTML, like Gecko) Chrome/149.0.0.0 Safari/537.36','2026-06-30 06:51:22','success'),(189,1,'::1','Mozilla/5.0 (Windows NT 10.0; Win64; x64) AppleWebKit/537.36 (KHTML, like Gecko) Chrome/149.0.0.0 Safari/537.36','2026-06-30 06:51:43','success'),(190,2,'::1','Mozilla/5.0 (Windows NT 10.0; Win64; x64) AppleWebKit/537.36 (KHTML, like Gecko) Chrome/149.0.0.0 Safari/537.36','2026-06-30 08:35:46','success'),(191,2,'::1','Mozilla/5.0 (Windows NT 10.0; Win64; x64) AppleWebKit/537.36 (KHTML, like Gecko) Chrome/149.0.0.0 Safari/537.36','2026-06-30 08:50:40','success'),(192,1,'::1','Mozilla/5.0 (Windows NT 10.0; Win64; x64) AppleWebKit/537.36 (KHTML, like Gecko) Chrome/149.0.0.0 Safari/537.36','2026-06-30 08:58:33','success'),(193,9,'::1','Mozilla/5.0 (Windows NT 10.0; Win64; x64) AppleWebKit/537.36 (KHTML, like Gecko) Chrome/149.0.0.0 Safari/537.36','2026-06-30 09:20:12','success'),(194,1,'::1','Mozilla/5.0 (Windows NT 10.0; Win64; x64) AppleWebKit/537.36 (KHTML, like Gecko) Chrome/149.0.0.0 Safari/537.36','2026-06-30 10:04:45','success'),(195,1,'::1','Mozilla/5.0 (Windows NT 10.0; Win64; x64) AppleWebKit/537.36 (KHTML, like Gecko) Chrome/149.0.0.0 Safari/537.36','2026-06-30 11:08:44','success'),(196,1,'::1','Mozilla/5.0 (Windows NT 10.0; Win64; x64) AppleWebKit/537.36 (KHTML, like Gecko) Chrome/149.0.0.0 Safari/537.36','2026-06-30 11:22:10','success'),(197,1,'::1','Mozilla/5.0 (Windows NT 10.0; Win64; x64) AppleWebKit/537.36 (KHTML, like Gecko) Chrome/149.0.0.0 Safari/537.36','2026-06-30 11:36:58','success'),(198,1,'::1','Mozilla/5.0 (Windows NT 10.0; Win64; x64) AppleWebKit/537.36 (KHTML, like Gecko) Chrome/149.0.0.0 Safari/537.36','2026-06-30 15:14:41','success'),(199,2,'::1','Mozilla/5.0 (Windows NT 10.0; Win64; x64) AppleWebKit/537.36 (KHTML, like Gecko) Chrome/149.0.0.0 Safari/537.36','2026-06-30 15:14:51','success'),(200,2,'::1','Mozilla/5.0 (Windows NT 10.0; Win64; x64) AppleWebKit/537.36 (KHTML, like Gecko) Chrome/149.0.0.0 Safari/537.36','2026-06-30 15:34:25','success'),(201,2,'::1','Mozilla/5.0 (Windows NT 10.0; Win64; x64) AppleWebKit/537.36 (KHTML, like Gecko) Chrome/149.0.0.0 Safari/537.36','2026-06-30 16:11:07','success'),(202,2,'::1','Mozilla/5.0 (Windows NT 10.0; Win64; x64) AppleWebKit/537.36 (KHTML, like Gecko) Chrome/149.0.0.0 Safari/537.36','2026-06-30 16:15:57','success'),(203,9,'::1','Mozilla/5.0 (Windows NT 10.0; Win64; x64) AppleWebKit/537.36 (KHTML, like Gecko) Chrome/149.0.0.0 Safari/537.36','2026-06-30 16:17:23','success'),(204,1,'::1','Mozilla/5.0 (Windows NT 10.0; Win64; x64) AppleWebKit/537.36 (KHTML, like Gecko) Chrome/149.0.0.0 Safari/537.36','2026-06-30 16:18:19','success'),(205,9,'::1','Mozilla/5.0 (Windows NT 10.0; Win64; x64) AppleWebKit/537.36 (KHTML, like Gecko) Chrome/149.0.0.0 Safari/537.36','2026-06-30 16:19:06','success'),(206,9,'::1','Mozilla/5.0 (Windows NT 10.0; Win64; x64) AppleWebKit/537.36 (KHTML, like Gecko) Chrome/149.0.0.0 Safari/537.36','2026-06-30 16:38:21','success'),(207,2,'::1','Mozilla/5.0 (Windows NT 10.0; Win64; x64) AppleWebKit/537.36 (KHTML, like Gecko) Chrome/149.0.0.0 Safari/537.36','2026-06-30 16:38:53','success'),(208,9,'::1','Mozilla/5.0 (Windows NT 10.0; Win64; x64) AppleWebKit/537.36 (KHTML, like Gecko) Chrome/149.0.0.0 Safari/537.36','2026-06-30 16:40:13','success'),(209,9,'::1','Mozilla/5.0 (Windows NT 10.0; Win64; x64) AppleWebKit/537.36 (KHTML, like Gecko) Chrome/149.0.0.0 Safari/537.36','2026-06-30 17:34:09','success'),(210,1,'::1','Mozilla/5.0 (Windows NT 10.0; Win64; x64) AppleWebKit/537.36 (KHTML, like Gecko) Chrome/149.0.0.0 Safari/537.36','2026-06-30 17:34:40','success'),(211,9,'::1','Mozilla/5.0 (Windows NT 10.0; Win64; x64) AppleWebKit/537.36 (KHTML, like Gecko) Chrome/149.0.0.0 Safari/537.36','2026-06-30 18:04:06','success'),(212,2,'::1','Mozilla/5.0 (Windows NT 10.0; Win64; x64) AppleWebKit/537.36 (KHTML, like Gecko) Chrome/149.0.0.0 Safari/537.36','2026-06-30 18:11:41','success'),(213,2,'::1','Mozilla/5.0 (Windows NT 10.0; Win64; x64) AppleWebKit/537.36 (KHTML, like Gecko) Chrome/149.0.0.0 Safari/537.36','2026-07-01 06:27:28','success'),(214,1,'::1','Mozilla/5.0 (Windows NT 10.0; Win64; x64) AppleWebKit/537.36 (KHTML, like Gecko) Chrome/149.0.0.0 Safari/537.36','2026-07-01 06:59:53','success'),(215,1,'::1','Mozilla/5.0 (Windows NT 10.0; Win64; x64) AppleWebKit/537.36 (KHTML, like Gecko) Chrome/149.0.0.0 Safari/537.36','2026-07-01 07:02:50','success'),(216,2,'::1','Mozilla/5.0 (Windows NT 10.0; Win64; x64) AppleWebKit/537.36 (KHTML, like Gecko) Chrome/149.0.0.0 Safari/537.36','2026-07-01 07:03:21','success');
/*!40000 ALTER TABLE `login_activity_logs` ENABLE KEYS */;
UNLOCK TABLES;

--
-- Table structure for table `loyalty_transactions`
--

DROP TABLE IF EXISTS `loyalty_transactions`;
/*!40101 SET @saved_cs_client     = @@character_set_client */;
/*!40101 SET character_set_client = utf8 */;
CREATE TABLE `loyalty_transactions` (
  `id` int(11) NOT NULL AUTO_INCREMENT,
  `user_id` int(11) NOT NULL,
  `order_id` int(11) DEFAULT NULL,
  `points_earned` int(11) DEFAULT 0,
  `points_redeemed` int(11) DEFAULT 0,
  `points_deducted` int(11) DEFAULT 0,
  `transaction_type` varchar(50) NOT NULL,
  `transaction_date` timestamp NOT NULL DEFAULT current_timestamp(),
  PRIMARY KEY (`id`),
  KEY `fk_transactions_users` (`user_id`),
  KEY `fk_transactions_orders` (`order_id`)
) ENGINE=InnoDB AUTO_INCREMENT=61 DEFAULT CHARSET=utf8mb4 COLLATE=utf8mb4_general_ci;
/*!40101 SET character_set_client = @saved_cs_client */;

--
-- Dumping data for table `loyalty_transactions`
--

LOCK TABLES `loyalty_transactions` WRITE;
/*!40000 ALTER TABLE `loyalty_transactions` DISABLE KEYS */;
INSERT INTO `loyalty_transactions` VALUES (1,2,65,10,0,0,'earn','2026-06-06 15:05:54'),(2,2,66,19,0,0,'earn','2026-06-06 15:09:02'),(3,2,67,19,0,0,'earn','2026-06-08 04:51:34'),(4,2,68,19,0,0,'earn','2026-06-08 05:08:24'),(5,2,69,19,0,0,'earn','2026-06-08 05:16:41'),(6,2,70,10,0,0,'earn','2026-06-08 05:18:05'),(7,2,71,96,0,0,'earn','2026-06-08 11:00:24'),(8,2,72,96,0,0,'earn','2026-06-08 11:01:03'),(9,2,75,92,0,0,'earn','2026-06-08 11:06:14'),(10,2,76,92,0,0,'earn','2026-06-08 11:07:05'),(11,2,77,92,0,0,'earn','2026-06-08 11:20:05'),(12,2,78,92,0,0,'earn','2026-06-08 11:21:33'),(13,2,79,92,0,0,'earn','2026-06-08 11:33:00'),(14,2,80,92,0,0,'earn','2026-06-08 11:40:49'),(15,2,81,92,0,0,'earn','2026-06-08 11:43:03'),(16,2,82,92,0,0,'earn','2026-06-08 11:44:13'),(17,2,83,92,0,0,'earn','2026-06-08 12:04:24'),(18,2,84,92,0,0,'earn','2026-06-08 12:07:20'),(19,2,85,92,0,0,'earn','2026-06-08 12:13:51'),(20,2,86,87,0,0,'earn','2026-06-08 12:16:54'),(21,2,87,82,0,0,'earn','2026-06-08 12:19:06'),(23,12,89,96,0,0,'earn','2026-06-09 11:00:02'),(24,12,90,96,0,0,'earn','2026-06-09 11:01:00'),(25,2,92,0,1469,0,'redeem','2026-06-09 12:51:42'),(26,2,92,52,0,0,'earn','2026-06-09 12:51:42'),(27,2,93,82,0,0,'earn','2026-06-09 12:52:53'),(29,2,67,35,0,0,'earn','2026-06-15 05:52:35'),(30,2,68,10,0,0,'earn','2026-06-17 20:37:44'),(31,2,70,10,0,0,'earn','2026-06-19 07:39:28'),(32,2,71,10,0,0,'earn','2026-06-23 08:14:34'),(33,2,72,10,0,0,'earn','2026-06-23 08:23:27'),(34,2,73,19,0,0,'earn','2026-06-23 16:26:10'),(35,2,74,10,0,0,'earn','2026-06-23 17:12:36'),(36,2,75,10,0,0,'earn','2026-06-23 17:18:08'),(37,2,76,24,0,0,'earn','2026-06-23 17:28:03'),(38,2,77,10,0,0,'earn','2026-06-23 17:28:38'),(39,2,78,13,0,0,'earn','2026-06-23 17:31:36'),(40,2,79,10,0,0,'earn','2026-06-23 17:33:35'),(41,2,80,10,0,0,'earn','2026-06-23 17:50:46'),(42,2,81,2,0,0,'earn','2026-06-23 18:49:35'),(43,2,83,19,0,0,'earn','2026-06-24 10:12:13'),(44,2,84,10,0,0,'earn','2026-06-24 11:02:30'),(45,2,85,10,0,0,'earn','2026-06-24 11:10:50'),(46,2,88,3,0,0,'earn','2026-06-24 11:43:45'),(47,2,89,10,0,0,'earn','2026-06-24 11:48:36'),(48,2,90,10,0,0,'earn','2026-06-24 12:12:32'),(49,2,91,10,0,0,'earn','2026-06-24 12:25:23'),(50,2,92,10,0,0,'earn','2026-06-24 12:26:42'),(51,2,93,10,0,0,'earn','2026-06-24 12:29:28'),(52,2,94,10,0,0,'earn','2026-06-24 12:30:20'),(53,2,95,10,0,0,'earn','2026-06-24 12:36:59'),(54,2,98,26,0,0,'earn','2026-06-29 08:24:01'),(55,2,99,10,0,0,'earn','2026-06-29 11:13:33'),(56,2,100,10,0,0,'earn','2026-06-29 11:15:27'),(57,2,101,70,0,0,'earn','2026-06-30 04:47:52'),(58,2,103,12,0,0,'earn','2026-06-30 16:16:42'),(59,2,104,10,0,0,'earn','2026-06-30 16:39:32'),(60,2,105,10,0,0,'earn','2026-06-30 17:33:31');
/*!40000 ALTER TABLE `loyalty_transactions` ENABLE KEYS */;
UNLOCK TABLES;

--
-- Table structure for table `membership_cards`
--

DROP TABLE IF EXISTS `membership_cards`;
/*!40101 SET @saved_cs_client     = @@character_set_client */;
/*!40101 SET character_set_client = utf8 */;
CREATE TABLE `membership_cards` (
  `id` int(11) NOT NULL AUTO_INCREMENT,
  `user_id` int(11) NOT NULL,
  `card_number` varchar(19) NOT NULL,
  `cvv` varchar(4) NOT NULL,
  `valid_thru` varchar(5) NOT NULL,
  `status` varchar(20) DEFAULT 'active',
  `issued_at` timestamp NOT NULL DEFAULT current_timestamp(),
  PRIMARY KEY (`id`),
  UNIQUE KEY `card_number` (`card_number`),
  KEY `fk_membership_users` (`user_id`)
) ENGINE=InnoDB AUTO_INCREMENT=2 DEFAULT CHARSET=utf8mb4 COLLATE=utf8mb4_general_ci;
/*!40101 SET character_set_client = @saved_cs_client */;

--
-- Dumping data for table `membership_cards`
--

LOCK TABLES `membership_cards` WRITE;
/*!40000 ALTER TABLE `membership_cards` DISABLE KEYS */;
INSERT INTO `membership_cards` VALUES (1,2,'7940 4697 1481 3090','356','12/27','active','2026-06-22 11:37:19');
/*!40000 ALTER TABLE `membership_cards` ENABLE KEYS */;
UNLOCK TABLES;

--
-- Table structure for table `notifications`
--

DROP TABLE IF EXISTS `notifications`;
/*!40101 SET @saved_cs_client     = @@character_set_client */;
/*!40101 SET character_set_client = utf8 */;
CREATE TABLE `notifications` (
  `id` int(11) NOT NULL AUTO_INCREMENT,
  `type` enum('order','payment','kitchen','reservation','staff','system') NOT NULL,
  `title` varchar(255) NOT NULL,
  `body` text NOT NULL,
  `is_read` tinyint(1) DEFAULT 0,
  `created_at` timestamp NOT NULL DEFAULT current_timestamp(),
  PRIMARY KEY (`id`),
  KEY `idx_notif_is_read` (`is_read`),
  KEY `idx_notif_created_at` (`created_at`),
  KEY `idx_notif_type` (`type`)
) ENGINE=InnoDB AUTO_INCREMENT=274 DEFAULT CHARSET=utf8mb4 COLLATE=utf8mb4_general_ci;
/*!40101 SET character_set_client = @saved_cs_client */;

--
-- Dumping data for table `notifications`
--

LOCK TABLES `notifications` WRITE;
/*!40000 ALTER TABLE `notifications` DISABLE KEYS */;
INSERT INTO `notifications` VALUES (1,'order','New Order Received','Order #1042 containing 2x Medusa Special Burger, 1x Long Island Ice Tea has been placed.',1,'2026-06-08 05:40:16'),(2,'payment','Payment Successful','Online payment of ₹1,450 for Order #1042 was settled successfully via Razorpay.',1,'2026-06-08 05:40:16'),(3,'kitchen','Kitchen Warning: Out of Stock','Ingredient \"Avocado\" is marked as out-of-stock. 3 menu items affected.',1,'2026-06-08 05:40:16'),(4,'reservation','New Table Booking','Table 4 reserved for Mr. Rohit Sharma on 2026-06-09 at 20:00 (4 guests).',1,'2026-06-08 05:40:16'),(5,'staff','Staff Shift Started','Chef Vance checked in for the evening shift.',1,'2026-06-08 05:40:16'),(6,'system','Admin Login Detected','Administrator logged in from IP 192.168.1.45.',1,'2026-06-08 05:40:16'),(7,'order','Table 5 Order Call','Dine-in Order #1043: 1x Pepperoni Pizza, 2x Garlic Bread.',1,'2026-06-08 05:40:16'),(8,'kitchen','Special Chef Request','Table 5 requested \"Extra cheese, no onions\" on Pepperoni Pizza.',1,'2026-06-08 05:40:16'),(9,'payment','Cash Settlement Done','Bill for Table 2 (₹2,100) settled by Cash.',1,'2026-06-08 05:40:16'),(10,'order','Order Cancelled','Order #1039 was cancelled by customer.',1,'2026-06-08 05:40:16'),(11,'system','Backup Completed','Automated nightly database backup was successful.',1,'2026-06-08 05:40:16'),(12,'reservation','Reservation Request','Vip Cabin reserved for 6 guests at 21:30 under name of Ms. Ananya.',1,'2026-06-08 05:40:16'),(13,'staff','Delivery Dispatched','Order #1040 handed over to delivery executive.',1,'2026-06-08 05:40:16'),(14,'system','Admin Login Detected','System Admin logged in via legacy admin login panel from IP ::1.',1,'2026-06-08 05:41:11'),(15,'system','Admin Login Detected','Administrator System Admin logged in from IP address ::1.',1,'2026-06-08 05:45:01'),(16,'system','Admin Login Detected','System Admin logged in via legacy admin login panel from IP ::1.',1,'2026-06-08 05:56:02'),(17,'system','Admin Login Detected','Administrator System Admin logged in from IP address ::1.',1,'2026-06-08 06:03:07'),(18,'system','Admin Login Detected','System Admin logged in via legacy admin login panel from IP ::1.',1,'2026-06-08 06:09:54'),(19,'order','New Order Received','Order ORD-858AE has been placed by Test Customer via Online. Total amount: ₹4,814.06',1,'2026-06-08 11:00:24'),(20,'payment','Payment Successful','Payment of ₹4,814.06 processed successfully for order ORD-858AE.',1,'2026-06-08 11:00:24'),(21,'order','New Order Received','Order ORD-F1C1B has been placed by Test Customer via Online. Total amount: ₹4,814.06',1,'2026-06-08 11:01:03'),(22,'payment','Payment Successful','Payment of ₹4,814.06 processed successfully for order ORD-F1C1B.',1,'2026-06-08 11:01:03'),(23,'order','New Order Received','Order TEST-B2117 has been placed by Test Customer. Total amount: ₹4,500.00',1,'2026-06-08 11:03:55'),(24,'payment','Payment Successful','Payment of ₹4,500.00 processed successfully for order TEST-B2117.',1,'2026-06-08 11:03:55'),(25,'order','New Order Received','Order TEST-1A13D has been placed by Test Customer. Total amount: ₹4,500.00',1,'2026-06-08 11:04:17'),(26,'payment','Payment Successful','Payment of ₹4,500.00 processed successfully for order TEST-1A13D.',1,'2026-06-08 11:04:17'),(27,'order','New Order Received','Order ORD-607E6 has been placed by Test Customer via Online. Total amount: ₹4,589.06',1,'2026-06-08 11:06:14'),(28,'payment','Payment Successful','Payment of ₹4,589.06 processed successfully for order ORD-607E6.',1,'2026-06-08 11:06:14'),(29,'order','New Order Received','Order ORD-9502E has been placed by Test Customer via Online. Total amount: ₹4,589.06',1,'2026-06-08 11:07:05'),(30,'payment','Payment Successful','Payment of ₹4,589.06 processed successfully for order ORD-9502E.',1,'2026-06-08 11:07:05'),(31,'order','New Order Received','Order ORD-5A8B4 has been placed by Test Customer via Online. Total amount: ₹4,589.06',1,'2026-06-08 11:20:05'),(32,'payment','Payment Successful','Payment of ₹4,589.06 processed successfully for order ORD-5A8B4.',1,'2026-06-08 11:20:05'),(33,'order','New Order Received','Order ORD-D6AE6 has been placed by Test Customer via Online. Total amount: ₹4,589.06',1,'2026-06-08 11:21:33'),(34,'payment','Payment Successful','Payment of ₹4,589.06 processed successfully for order ORD-D6AE6.',1,'2026-06-08 11:21:33'),(35,'order','New Order Received','Order ORD-C5724 has been placed by Test Customer via Online. Total amount: ₹4,589.06',1,'2026-06-08 11:33:00'),(36,'payment','Payment Successful','Payment of ₹4,589.06 processed successfully for order ORD-C5724.',1,'2026-06-08 11:33:00'),(37,'order','New Order Received','Order ORD-12C79 has been placed by Test Customer via Online. Total amount: ₹4,589.06',1,'2026-06-08 11:40:49'),(38,'payment','Payment Successful','Payment of ₹4,589.06 processed successfully for order ORD-12C79.',1,'2026-06-08 11:40:49'),(39,'order','New Order Received','Order ORD-74177 has been placed by Test Customer via Online. Total amount: ₹4,589.06',1,'2026-06-08 11:43:03'),(40,'payment','Payment Successful','Payment of ₹4,589.06 processed successfully for order ORD-74177.',1,'2026-06-08 11:43:03'),(41,'order','New Order Received','Order ORD-CD0F3 has been placed by Test Customer via Online. Total amount: ₹4,589.06',1,'2026-06-08 11:44:13'),(42,'payment','Payment Successful','Payment of ₹4,589.06 processed successfully for order ORD-CD0F3.',1,'2026-06-08 11:44:13'),(43,'order','New Order Received','Order ORD-858D6 has been placed by Test Customer via Online. Total amount: ₹4,589.06',1,'2026-06-08 12:04:24'),(44,'payment','Payment Successful','Payment of ₹4,589.06 processed successfully for order ORD-858D6.',1,'2026-06-08 12:04:24'),(45,'order','New Order Received','Order ORD-85960 has been placed by Test Customer via Online. Total amount: ₹4,589.06',1,'2026-06-08 12:07:20'),(46,'payment','Payment Successful','Payment of ₹4,589.06 processed successfully for order ORD-85960.',1,'2026-06-08 12:07:20'),(47,'order','New Order Received','Order ORD-F022D has been placed by Test Customer via Online. Total amount: ₹4,589.06',1,'2026-06-08 12:13:51'),(48,'payment','Payment Successful','Payment of ₹4,589.06 processed successfully for order ORD-F022D.',1,'2026-06-08 12:13:51'),(49,'order','New Order Received','Order ORD-621C5 has been placed by Test Customer via Online. Total amount: ₹4,364.06',1,'2026-06-08 12:16:54'),(50,'payment','Payment Successful','Payment of ₹4,364.06 processed successfully for order ORD-621C5.',1,'2026-06-08 12:16:54'),(51,'order','New Order Received','Order ORD-9F36E has been placed by Test Customer via Online. Total amount: ₹4,076.06',1,'2026-06-08 12:19:06'),(52,'payment','Payment Successful','Payment of ₹4,076.06 processed successfully for order ORD-9F36E.',1,'2026-06-08 12:19:06'),(53,'system','Admin Login Detected','Administrator System Admin logged in from IP address ::1.',1,'2026-06-08 12:22:09'),(54,'order','New Order Received','Order ORD-2F383 has been placed by Rahul D via Online. Total amount: ₹2,747.06',1,'2026-06-08 18:09:23'),(55,'payment','Payment Successful','Payment of ₹2,747.06 processed successfully for order ORD-2F383.',1,'2026-06-08 18:09:23'),(56,'system','Admin Login Detected','Administrator System Admin logged in from IP address ::1.',1,'2026-06-08 18:10:22'),(57,'order','Order Completed','Order ORD-A1025 for Janhvi Kapoor (₹950.00) is completed.',1,'2026-06-08 18:11:19'),(58,'kitchen','Order In Prep','Order ORD-2F383 is now being prepared in the kitchen.',1,'2026-06-08 18:11:35'),(59,'order','Order Completed','Order ORD-2F383 for Rahul D (₹2,747.06) is completed.',1,'2026-06-08 18:11:51'),(60,'order','New Order Received','Order ORD-1D1FA has been placed by Piyush hfhdh via Online. Total amount: ₹4,814.06',1,'2026-06-09 11:00:02'),(61,'payment','Payment Successful','Payment of ₹4,814.06 processed successfully for order ORD-1D1FA.',1,'2026-06-09 11:00:02'),(62,'order','New Order Received','Order ORD-BCE13 has been placed by Piyush Anushu via Online. Total amount: ₹4,814.06',1,'2026-06-09 11:01:00'),(63,'payment','Payment Successful','Payment of ₹4,814.06 processed successfully for order ORD-BCE13.',1,'2026-06-09 11:01:00'),(64,'system','Admin Login Detected','Administrator System Admin logged in from IP address ::1.',1,'2026-06-09 11:04:23'),(65,'system','Admin Login Detected','Administrator System Admin logged in from IP address ::1.',1,'2026-06-09 11:06:31'),(66,'system','Admin Login Detected','Administrator System Admin logged in from IP address ::1.',1,'2026-06-09 11:06:55'),(67,'system','Admin Login Detected','Administrator System Admin logged in from IP address ::1.',1,'2026-06-09 11:07:45'),(68,'system','Admin Login Detected','Administrator System Admin logged in from IP address ::1.',1,'2026-06-09 11:09:14'),(69,'order','Peg Consumed','1 peg of Johnnie Walker Black Label logged for Piyush (Verified via: ORD-BCE13). Remaining brand quota: 15 pegs.',1,'2026-06-09 11:18:02'),(70,'order','Peg Consumed','1 peg of Johnnie Walker Black Label logged for Piyush (Verified via: Piyush). Remaining brand quota: 14 pegs.',1,'2026-06-09 11:18:40'),(71,'order','Peg Consumed','1 peg of Johnnie Walker Black Label logged for Piyush (Verified via: #ORD-BCE13). Remaining brand quota: 13 pegs.',1,'2026-06-09 11:19:13'),(72,'order','Peg Consumed','1 peg of Johnnie Walker Black Label logged for Piyush (Verified via: #ORD-BCE13). Remaining brand quota: 12 pegs.',1,'2026-06-09 11:19:21'),(73,'order','Peg Consumed','1 peg of Johnnie Walker Black Label logged for Piyush (Verified via: Piyush). Remaining brand quota: 11 pegs.',1,'2026-06-09 11:19:40'),(74,'order','Peg Consumed','1 peg of Johnnie Walker Black Label logged for Piyush (Verified via: Piyush). Remaining brand quota: 10 pegs.',1,'2026-06-09 11:19:48'),(75,'order','Peg Consumed','1 peg of Johnnie Walker Black Label logged for Piyush (Verified via: Piyush). Remaining brand quota: 9 pegs.',1,'2026-06-09 11:20:03'),(76,'order','Peg Consumed','1 peg of Johnnie Walker Black Label logged for Piyush (Verified via: Piyush). Remaining brand quota: 8 pegs.',1,'2026-06-09 11:20:12'),(77,'kitchen','Order In Prep','Order ORD-BCE13 is now being prepared in the kitchen.',1,'2026-06-09 11:31:32'),(78,'order','Order Completed','Order ORD-BCE13 for Piyush Anushu (₹4,814.06) is completed.',1,'2026-06-09 11:32:14'),(79,'order','Order Completed','Dine-in order ORD-5EB56 for Tanshik is settled.',1,'2026-06-09 11:50:44'),(80,'payment','Payment Successful','Payment of ₹0.00 received via CASH for order ORD-5EB56.',1,'2026-06-09 11:50:44'),(81,'order','Order Completed','Dine-in order ORD-A1026 for Piyush Sharma is settled.',1,'2026-06-09 12:00:50'),(82,'payment','Payment Successful','Payment of ₹1,260.00 received via CASH for order ORD-A1026.',1,'2026-06-09 12:00:50'),(83,'order','Order Completed','Dine-in order ORD-AC198 for System Admin is settled.',1,'2026-06-09 12:01:06'),(84,'payment','Payment Successful','Payment of ₹58.70 received via CASH for order ORD-AC198.',1,'2026-06-09 12:01:06'),(85,'system','Admin Login Detected','Administrator System Admin logged in from IP address ::1.',1,'2026-06-09 12:06:00'),(86,'order','New Order Received','Order ORD-3F079 has been placed by Anshu As via Online. Total amount: ₹1,026.00',1,'2026-06-09 12:15:00'),(87,'payment','Payment Successful','Payment of ₹1,026.00 processed successfully for order ORD-3F079.',1,'2026-06-09 12:15:00'),(88,'order','New Order Received','Order ORD-E930F has been placed by Test Customer via Online. Total amount: ₹2,603.00',1,'2026-06-09 12:51:42'),(89,'payment','Payment Successful','Payment of ₹2,603.00 processed successfully for order ORD-E930F.',1,'2026-06-09 12:51:42'),(90,'order','New Order Received','Order ORD-4E339 has been placed by Test Customer via Online. Total amount: ₹4,076.06',1,'2026-06-09 12:52:53'),(91,'payment','Payment Successful','Payment of ₹4,076.06 processed successfully for order ORD-4E339.',1,'2026-06-09 12:52:53'),(92,'system','Admin Login Detected','Administrator System Admin logged in from IP address ::1.',1,'2026-06-09 12:56:09'),(93,'order','Order Completed','Dine-in order ORD-3F079 for Anshu As is settled.',1,'2026-06-09 12:57:53'),(94,'payment','Payment Successful','Payment of ₹1,026.00 received via UPI for order ORD-3F079.',1,'2026-06-09 12:57:53'),(95,'order','Peg Consumed','1 peg of Johnnie Walker Black Label logged for Piyush (Verified via: ORD-BCE13). Remaining brand quota: 7 pegs.',1,'2026-06-09 12:58:50'),(96,'system','Admin Login Detected','Administrator System Admin logged in from IP address ::1.',1,'2026-06-10 06:11:21'),(97,'system','Admin Login Detected','Administrator System Admin logged in from IP address ::1.',1,'2026-06-10 06:18:40'),(98,'system','Admin Login Detected','Administrator System Admin logged in from IP address ::1.',1,'2026-06-10 06:36:17'),(99,'system','Admin Login Detected','Administrator System Admin logged in from IP address ::1.',1,'2026-06-10 08:08:52'),(100,'system','Admin Login Detected','Administrator System Admin logged in from IP address ::1.',1,'2026-06-10 09:50:44'),(101,'system','Admin Login Detected','Administrator System Admin logged in from IP address ::1.',1,'2026-06-10 17:44:20'),(102,'order','New Order Received','Order ORD-1994B has been placed by Rahul Dhiman via Online. Total amount: ₹494.56',1,'2026-06-10 18:29:07'),(103,'payment','Payment Successful','Payment of ₹494.56 processed successfully for order ORD-1994B.',1,'2026-06-10 18:29:07'),(104,'system','Admin Login Detected','Administrator System Admin logged in from IP address ::1.',1,'2026-06-10 18:31:32'),(105,'kitchen','Order In Prep','Order ORD-1994B is now being prepared in the kitchen.',1,'2026-06-10 18:33:08'),(106,'system','Admin Login Detected','Administrator System Admin logged in from IP address ::1.',1,'2026-06-11 04:49:52'),(107,'order','New Order Received','Order ORD-1C2C5 has been placed by Test Customer via gpay. Total amount: ₹1,734.76',1,'2026-06-15 05:52:35'),(108,'payment','Payment Successful','Payment of ₹1,734.76 processed successfully for order ORD-1C2C5.',1,'2026-06-15 05:52:35'),(109,'order','New Order Received','Order ORD-7DEB2 has been placed by Test Customer via gpay. Total amount: ₹494.56',1,'2026-06-17 20:37:44'),(110,'payment','Payment Successful','Payment of ₹494.56 processed successfully for order ORD-7DEB2.',1,'2026-06-17 20:37:44'),(111,'system','Admin Login Detected','Administrator System Admin logged in from IP address ::1.',1,'2026-06-17 20:48:23'),(112,'kitchen','Order In Prep','Order ORD-7DEB2 is now being prepared in the kitchen.',1,'2026-06-17 20:48:40'),(113,'kitchen','Order In Prep','Order ORD-1994B is now being prepared in the kitchen.',1,'2026-06-17 20:49:54'),(114,'reservation','New Table Reservation','New reservation by test for 4 guest(s) on 26 Jun 2026 at 6:27 PM (Table: 05 (Square Table, 4 seats)).',1,'2026-06-18 09:54:03'),(115,'kitchen','Special Request Added','Special request from test for booking #BK-5: \"Preferred table: 05 (Square Table, 4 seats)\"',1,'2026-06-18 09:54:03'),(116,'reservation','New Table Reservation','New reservation by R for 4 guest(s) on 19 Jun 2026 at 3:37 PM (Table: 01 (Square Table, 4 seats)).',1,'2026-06-18 10:06:27'),(117,'kitchen','Special Request Added','Special request from R for booking #BK-6: \"Preferred table: 01 (Square Table, 4 seats)\"',1,'2026-06-18 10:06:27'),(118,'reservation','New Table Reservation','New reservation by test for 4 guest(s) on 20 Jun 2026 at 3:51 PM (Table: 01 (Square Table, 4 seats)).',1,'2026-06-18 10:20:06'),(119,'kitchen','Special Request Added','Special request from test for booking #BK-7: \"Preferred table: 01 for 4 people(Square Table, 4 seats)\"',1,'2026-06-18 10:20:06'),(120,'reservation','New Table Reservation','New reservation by R for 4 guest(s) on 20 Jun 2026 at 11:19 AM (Table: 01 (Square Table, 4 seats)).',1,'2026-06-18 10:46:15'),(121,'kitchen','Special Request Added','Special request from R for booking #BK-8: \"Preferred table: 01 (Square Table, 4 seats)\"',1,'2026-06-18 10:46:15'),(122,'order','New Order Received','Order ORD-EDCAA has been placed by Test Customer via gpay. Total amount: ₹494.56',1,'2026-06-19 07:39:28'),(123,'payment','Payment Successful','Payment of ₹494.56 processed successfully for order ORD-EDCAA.',1,'2026-06-19 07:39:28'),(124,'system','Admin Login Detected','Administrator System Admin logged in from IP address ::1.',1,'2026-06-22 07:27:10'),(125,'system','Admin Login Detected','Administrator System Admin logged in from IP address ::1.',1,'2026-06-22 07:30:27'),(126,'system','Admin Login Detected','Administrator System Admin logged in from IP address ::1.',1,'2026-06-22 07:36:16'),(127,'system','Admin Login Detected','Administrator System Admin logged in via 2FA from IP ::1.',1,'2026-06-23 04:51:22'),(128,'order','New Order Received','Order ORD-A2EF2 has been placed by Test Customer via online. Total amount: ₹494.56',1,'2026-06-23 08:14:34'),(129,'payment','Payment Successful','Payment of ₹494.56 processed successfully for order ORD-A2EF2.',1,'2026-06-23 08:14:34'),(130,'order','New Order Received','Order ORD-F302F has been placed by Test Customer via online. Total amount: ₹494.56',1,'2026-06-23 08:23:27'),(131,'payment','Payment Successful','Payment of ₹494.56 processed successfully for order ORD-F302F.',1,'2026-06-23 08:23:27'),(132,'system','Admin Login Detected','Administrator System Admin logged in from IP address ::1.',1,'2026-06-23 11:31:46'),(133,'system','Admin Login Detected','Administrator System Admin logged in from IP address ::1.',1,'2026-06-23 11:35:32'),(134,'system','Admin Login Detected','Administrator System Admin logged in from IP address ::1.',1,'2026-06-23 12:24:19'),(135,'order','New Order Received','Order ORD-136FD has been placed by Test Customer via cod. Total amount: ₹962.06',1,'2026-06-23 16:26:10'),(136,'payment','Payment Successful','Payment of ₹962.06 processed successfully for order ORD-136FD.',1,'2026-06-23 16:26:10'),(137,'order','New Order Received','Order ORD-46F09 has been placed by Test Customer via card. Total amount: ₹503.06',1,'2026-06-23 17:12:36'),(138,'payment','Payment Successful','Payment of ₹503.06 processed successfully for order ORD-46F09.',1,'2026-06-23 17:12:36'),(139,'order','New Order Received','Order ORD-032A9 has been placed by Test Customer via cod. Total amount: ₹503.06',1,'2026-06-23 17:18:08'),(140,'payment','Payment Successful','Payment of ₹503.06 processed successfully for order ORD-032A9.',1,'2026-06-23 17:18:08'),(141,'order','New Order Received','Order ORD-35CAC has been placed by Test Customer via cod. Total amount: ₹1,199.66',1,'2026-06-23 17:28:03'),(142,'payment','Payment Successful','Payment of ₹1,199.66 processed successfully for order ORD-35CAC.',1,'2026-06-23 17:28:03'),(143,'order','New Order Received','Order ORD-69DCB has been placed by Test Customer via cod. Total amount: ₹503.06',1,'2026-06-23 17:28:38'),(144,'payment','Payment Successful','Payment of ₹503.06 processed successfully for order ORD-69DCB.',1,'2026-06-23 17:28:38'),(145,'order','New Order Received','Order ORD-88F15 has been placed by Test Customer via cod. Total amount: ₹632.66',1,'2026-06-23 17:31:36'),(146,'payment','Payment Successful','Payment of ₹632.66 processed successfully for order ORD-88F15.',1,'2026-06-23 17:31:36'),(147,'order','New Order Received','Order ORD-F82BE has been placed by Test Customer via cod. Total amount: ₹503.06',1,'2026-06-23 17:33:35'),(148,'payment','Payment Successful','Payment of ₹503.06 processed successfully for order ORD-F82BE.',1,'2026-06-23 17:33:35'),(149,'order','New Order Received','Order ORD-63232 has been placed by Test Customer via online. Total amount: ₹503.06',1,'2026-06-23 17:50:46'),(150,'payment','Payment Successful','Payment of ₹503.06 processed successfully for order ORD-63232.',1,'2026-06-23 17:50:46'),(151,'system','Admin Login Detected','Administrator System Admin logged in from IP address ::1.',1,'2026-06-23 18:31:15'),(152,'order','New Order Received','Order ORD-F5B4C has been placed by Test Customer via cod. Total amount: ₹92.66',1,'2026-06-23 18:49:35'),(153,'payment','Payment Successful','Payment of ₹92.66 processed successfully for order ORD-F5B4C.',1,'2026-06-23 18:49:35'),(154,'order','New Order Received','Order ORD-0F00C has been placed by John Doe Second via Cash. Total amount: ₹1,389.26',1,'2026-06-23 19:00:01'),(155,'payment','Payment Successful','Payment of ₹1,389.26 processed successfully for order ORD-0F00C.',1,'2026-06-23 19:00:01'),(156,'order','New Order Received','Order ORD-D3194 has been placed by Test Customer via online. Total amount: ₹962.06',1,'2026-06-24 10:12:13'),(157,'payment','Payment Successful','Payment of ₹962.06 processed successfully for order ORD-D3194.',1,'2026-06-24 10:12:13'),(158,'order','New Order Received','Order ORD-6AA65 has been placed by Test Customer via online. Total amount: ₹503.06',1,'2026-06-24 11:02:30'),(159,'payment','Payment Successful','Payment of ₹503.06 processed successfully for order ORD-6AA65.',1,'2026-06-24 11:02:30'),(160,'order','New Order Received','Order ORD-9E1A6 has been placed by Test Customer via cod. Total amount: ₹503.06',1,'2026-06-24 11:10:50'),(161,'payment','Payment Successful','Payment of ₹503.06 processed successfully for order ORD-9E1A6.',1,'2026-06-24 11:10:50'),(162,'order','New Order Received','Order ORD-0C428 has been placed by Test Customer via online. Total amount: ₹135.86',1,'2026-06-24 11:43:45'),(163,'payment','Payment Successful','Payment of ₹135.86 processed successfully for order ORD-0C428.',1,'2026-06-24 11:43:45'),(164,'order','New Order Received','Order ORD-3B9DB has been placed by Test Customer via online. Total amount: ₹503.06',1,'2026-06-24 11:48:36'),(165,'payment','Payment Successful','Payment of ₹503.06 processed successfully for order ORD-3B9DB.',1,'2026-06-24 11:48:36'),(166,'order','New Order Received','Order ORD-049E7 has been placed by Test Customer via online. Total amount: ₹503.06',1,'2026-06-24 12:12:32'),(167,'payment','Payment Successful','Payment of ₹503.06 processed successfully for order ORD-049E7.',1,'2026-06-24 12:12:32'),(168,'reservation','New Table Reservation','New reservation by xgfgsh for 4 guest(s) on 24 Jun 2026 at 6:00 PM (Table: 01 (Square Table, 4 seats)).',1,'2026-06-24 12:20:02'),(169,'kitchen','Special Request Added','Special request from xgfgsh for booking #BK-9: \"Preferred table: 01 (Square Table, 4 seats)\"',1,'2026-06-24 12:20:02'),(170,'order','New Order Received','Order ORD-33359 has been placed by Test Customer via cod. Total amount: ₹503.06',1,'2026-06-24 12:25:23'),(171,'payment','Payment Successful','Payment of ₹503.06 processed successfully for order ORD-33359.',1,'2026-06-24 12:25:23'),(172,'order','New Order Received','Order ORD-25577 has been placed by Test Customer via cod. Total amount: ₹503.06',1,'2026-06-24 12:26:42'),(173,'payment','Payment Successful','Payment of ₹503.06 processed successfully for order ORD-25577.',1,'2026-06-24 12:26:42'),(174,'order','New Order Received','Order ORD-7EFC4 has been placed by Test Customer via cod. Total amount: ₹503.06',1,'2026-06-24 12:29:28'),(175,'payment','Payment Successful','Payment of ₹503.06 processed successfully for order ORD-7EFC4.',1,'2026-06-24 12:29:28'),(176,'order','New Order Received','Order ORD-CA5ED has been placed by Test Customer via cod. Total amount: ₹503.06',1,'2026-06-24 12:30:21'),(177,'payment','Payment Successful','Payment of ₹503.06 processed successfully for order ORD-CA5ED.',1,'2026-06-24 12:30:21'),(178,'order','New Order Received','Order ORD-AEC9D has been placed by Test Customer via cod. Total amount: ₹503.06',1,'2026-06-24 12:36:59'),(179,'payment','Payment Successful','Payment of ₹503.06 processed successfully for order ORD-AEC9D.',1,'2026-06-24 12:36:59'),(180,'system','Admin Login Detected','Administrator System Admin logged in from IP address ::1.',1,'2026-06-24 17:47:53'),(181,'system','Admin Login Detected','Administrator System Admin logged in from IP address ::1.',1,'2026-06-24 17:55:10'),(182,'system','Admin Login Detected','Administrator System Admin logged in from IP address ::1.',1,'2026-06-24 18:14:24'),(183,'system','Admin Login Detected','Administrator System Admin logged in from IP address ::1.',1,'2026-06-25 05:44:17'),(184,'system','Admin Login Detected','Administrator System Admin logged in from IP address ::1.',1,'2026-06-25 05:50:29'),(185,'system','Admin Login Detected','Administrator System Admin logged in from IP address ::1.',1,'2026-06-25 06:05:34'),(186,'system','Admin Login Detected','Administrator System Admin logged in from IP address ::1.',1,'2026-06-25 08:36:12'),(187,'kitchen','Order In Prep','Order ORD-AEC9D is now being prepared in the kitchen.',1,'2026-06-25 08:36:22'),(188,'system','Admin Login Detected','Administrator System Admin logged in from IP address ::1.',1,'2026-06-25 16:13:28'),(189,'system','Admin Login Detected','Administrator System Admin logged in from IP address ::1.',1,'2026-06-25 16:38:29'),(190,'system','Admin Login Detected','Administrator System Admin logged in from IP address ::1.',1,'2026-06-26 05:30:15'),(191,'system','Admin Login Detected','Administrator System Admin logged in from IP address ::1.',1,'2026-06-26 05:39:47'),(192,'system','Admin Login Detected','Administrator System Admin logged in from IP address ::1.',1,'2026-06-26 06:56:28'),(193,'kitchen','Order In Prep','Order ORD-1C0A7 is now being prepared in the kitchen.',1,'2026-06-26 07:22:52'),(194,'kitchen','Order In Prep','Order ORD-CA5ED is now being prepared in the kitchen.',1,'2026-06-26 07:22:53'),(195,'kitchen','Order In Prep','Order ORD-7EFC4 is now being prepared in the kitchen.',1,'2026-06-26 07:22:55'),(196,'order','Order Completed','Order ORD-1C0A7 for Test Customer (₹1,199.66) is completed.',1,'2026-06-26 07:22:58'),(197,'order','Order Completed','Order ORD-CA5ED for Test Customer (₹503.06) is completed.',1,'2026-06-26 07:23:00'),(198,'system','Admin Login Detected','Administrator System Admin logged in from IP address ::1.',1,'2026-06-26 07:43:58'),(199,'order','Order Completed','Order ORD-AEC9D for Test Customer (₹503.06) is completed.',1,'2026-06-26 07:44:15'),(200,'system','Admin Login Detected','Administrator System Admin logged in from IP address ::1.',1,'2026-06-26 09:39:33'),(201,'kitchen','Order In Prep','Order ORD-9E595 is now being prepared in the kitchen.',1,'2026-06-26 10:16:20'),(202,'order','Order Completed','Order ORD-9E595 for Test Customer (₹962.06) is completed.',1,'2026-06-26 10:16:22'),(203,'system','SOS ALERT','EMERGENCY ALERT: Driver System Admin reported an SOS at coordinates: Lat 30.7333, Lng 76.7794. Active Order: ORD-1C0A7.',1,'2026-06-26 11:29:37'),(204,'system','SOS ALERT','EMERGENCY ALERT: Driver driver reported an SOS at coordinates: Lat 30.6977959451, Lng 76.688311139561. Active Order: ORD-1C0A7.',1,'2026-06-26 11:47:30'),(205,'system','Admin Login Detected','Administrator System Admin logged in from IP address ::1.',1,'2026-06-26 11:48:03'),(206,'system','Admin Login Detected','Administrator System Admin logged in from IP address ::1.',1,'2026-06-26 12:01:55'),(207,'system','Admin Login Detected','Administrator System Admin logged in from IP address ::1.',1,'2026-06-26 12:17:40'),(208,'system','Admin Login Detected','Administrator System Admin logged in from IP address ::1.',1,'2026-06-26 12:43:30'),(209,'system','Admin Login Detected','Administrator System Admin logged in from IP address ::1.',1,'2026-06-26 12:45:04'),(210,'system','Admin Login Detected','Administrator System Admin logged in from IP address ::1.',1,'2026-06-27 06:21:15'),(211,'system','Admin Login Detected','Administrator System Admin logged in from IP address ::1.',1,'2026-06-27 06:44:13'),(212,'system','Admin Login Detected','Administrator System Admin logged in from IP address ::1.',1,'2026-06-27 06:52:40'),(213,'kitchen','Item Out of Stock','Food item \"Tandoori Roti\" has been marked as Out of Stock.',1,'2026-06-27 07:23:06'),(214,'kitchen','Item Out of Stock','Food item \"Tandoori Roti\" has been marked as Out of Stock.',1,'2026-06-27 07:23:29'),(215,'system','Admin Login Detected','Administrator System Admin logged in from IP address ::1.',1,'2026-06-28 05:13:17'),(216,'system','Admin Login Detected','Administrator System Admin logged in from IP address ::1.',1,'2026-06-28 05:54:47'),(217,'system','Admin Login Detected','Administrator System Admin logged in from IP address ::1.',1,'2026-06-28 06:03:56'),(218,'system','Admin Login Detected','Administrator System Admin logged in from IP address ::1.',1,'2026-06-28 06:23:11'),(219,'system','Admin Login Detected','Administrator System Admin logged in from IP address ::1.',1,'2026-06-28 07:12:23'),(220,'system','Admin Login Detected','Administrator System Admin logged in from IP address ::1.',1,'2026-06-28 07:43:50'),(221,'system','Admin Login Detected','Administrator System Admin logged in from IP address ::1.',1,'2026-06-28 07:46:35'),(222,'system','Admin Login Detected','Administrator System Admin logged in from IP address ::1.',1,'2026-06-29 04:52:28'),(223,'system','Admin Login Detected','Administrator System Admin logged in from IP address ::1.',1,'2026-06-29 06:07:59'),(224,'kitchen','Order In Prep','Order ORD-88F15 is now being prepared in the kitchen.',1,'2026-06-29 06:08:21'),(225,'system','Admin Login Detected','Administrator System Admin logged in from IP address ::1.',1,'2026-06-29 06:54:38'),(226,'system','Admin Login Detected','Administrator System Admin logged in from IP address ::1.',1,'2026-06-29 07:30:44'),(227,'order','New Order Received','Order ORD-F3ECD has been placed by Test Customer via online. Total amount: ₹1,286.06',1,'2026-06-29 08:24:01'),(228,'payment','Payment Successful','Payment of ₹1,286.06 processed successfully for order ORD-F3ECD.',1,'2026-06-29 08:24:01'),(229,'kitchen','Order In Prep','Order ORD-F3ECD is now being prepared in the kitchen.',1,'2026-06-29 08:26:31'),(230,'order','Order Completed','Order ORD-F3ECD for Test Customer (₹1,286.06) is completed.',1,'2026-06-29 08:27:22'),(231,'kitchen','Item Out of Stock','Food item \"Margherita\" has been marked as Out of Stock.',1,'2026-06-29 08:32:42'),(232,'kitchen','Item Out of Stock','Food item \"Margherita\" has been marked as Out of Stock.',1,'2026-06-29 08:32:43'),(233,'kitchen','Item Out of Stock','Food item \"Tandoori Roti\" has been marked as Out of Stock.',1,'2026-06-29 08:32:48'),(234,'system','Peg Consumed','1 peg of Hendrick\'s Artisanal Gin logged for Test Customer (Verified via: 7814585430). Remaining brand quota: 23 pegs.',1,'2026-06-29 10:43:14'),(235,'system','Peg Consumed','1 peg of Hendrick\'s Artisanal Gin logged for Test Customer (Verified via: 7814585430). Remaining brand quota: 22 pegs.',1,'2026-06-29 10:43:26'),(236,'system','Peg Consumed','1 peg of Johnnie Walker Black Label logged for Test Customer (Verified via: 7814585430). Remaining brand quota: 31 pegs.',1,'2026-06-29 10:45:21'),(237,'system','Peg Consumed','1 peg of Hendrick\'s Artisanal Gin logged for Test Customer (Verified via: Test Customer). Remaining brand quota: 21 pegs.',1,'2026-06-29 10:57:40'),(238,'order','New Order Received','Order ORD-BC0E3 has been placed by Test Customer via online. Total amount: ₹503.06',1,'2026-06-29 11:13:33'),(239,'payment','Payment Successful','Payment of ₹503.06 processed successfully for order ORD-BC0E3.',1,'2026-06-29 11:13:33'),(240,'order','New Order Received','Order ORD-F9A46 has been placed by Test Customer via cod. Total amount: ₹503.06',1,'2026-06-29 11:15:27'),(241,'payment','Payment Pending','Order ORD-F9A46 is placed with Cash on Delivery. Payment will be collected on delivery.',1,'2026-06-29 11:15:27'),(242,'system','Admin Login Detected','Administrator System Admin logged in from IP address ::1.',1,'2026-06-29 14:20:32'),(243,'system','Admin Login Detected','Administrator System Admin logged in from IP address ::1.',1,'2026-06-29 14:23:52'),(244,'system','Admin Login Detected','Administrator System Admin logged in from IP address ::1.',1,'2026-06-29 15:23:45'),(245,'order','New Order Received','Order ORD-75991 has been placed by Test Customer via online. Total amount: ₹3,521.66',1,'2026-06-30 04:47:52'),(246,'payment','Payment Successful','Payment of ₹3,521.66 processed successfully for order ORD-75991.',1,'2026-06-30 04:47:52'),(247,'system','Admin Login Detected','Administrator System Admin logged in from IP address ::1.',1,'2026-06-30 05:54:39'),(248,'kitchen','Order In Prep','Order ORD-75991 is now being prepared in the kitchen.',1,'2026-06-30 05:54:45'),(249,'kitchen','Order In Prep','Order ORD-F9A46 is now being prepared in the kitchen.',1,'2026-06-30 05:55:08'),(250,'system','Admin Login Detected','Administrator System Admin logged in from IP address ::1.',1,'2026-06-30 06:46:02'),(251,'system','Admin Login Detected','Administrator System Admin logged in from IP address ::1.',1,'2026-06-30 06:51:43'),(252,'system','Admin Login Detected','Administrator System Admin logged in from IP address ::1.',1,'2026-06-30 08:58:33'),(253,'kitchen','Order In Prep','Order ORD-0C4CD is now being prepared in the kitchen.',1,'2026-06-30 08:58:40'),(254,'order','Order Cancelled','Order ORD-BC0E3 for Test Customer has been cancelled.',1,'2026-06-30 08:58:44'),(255,'order','Order Cancelled','Order ORD-A1025 for Janhvi Kapoor has been cancelled by the driver. Reason: Vehicle Breakdown / Emergency',1,'2026-06-30 09:59:59'),(256,'system','Admin Login Detected','Administrator System Admin logged in from IP address ::1.',1,'2026-06-30 10:04:45'),(257,'system','Admin Login Detected','Administrator System Admin logged in from IP address ::1.',1,'2026-06-30 11:08:44'),(258,'system','Admin Login Detected','Administrator System Admin logged in from IP address ::1.',1,'2026-06-30 11:22:10'),(259,'system','Admin Login Detected','Administrator System Admin logged in from IP address ::1.',1,'2026-06-30 11:36:58'),(260,'system','Admin Login Detected','Administrator System Admin logged in from IP address ::1.',0,'2026-06-30 15:14:41'),(261,'order','New Order Received','Order ORD-9D028 has been placed by Test Customer via cod. Total amount: ₹605.41',0,'2026-06-30 16:16:42'),(262,'payment','Payment Pending','Order ORD-9D028 is placed with Cash on Delivery. Payment will be collected on delivery.',0,'2026-06-30 16:16:42'),(263,'system','Admin Login Detected','Administrator System Admin logged in from IP address ::1.',0,'2026-06-30 16:18:19'),(264,'kitchen','Order In Prep','Order ORD-9D028 is now being prepared in the kitchen.',0,'2026-06-30 16:18:36'),(265,'order','New Order Received','Order ORD-46D0E has been placed by Test Customer via cod. Total amount: ₹481.81',0,'2026-06-30 16:39:32'),(266,'payment','Payment Pending','Order ORD-46D0E is placed with Cash on Delivery. Payment will be collected on delivery.',0,'2026-06-30 16:39:32'),(267,'order','New Order Received','Order ORD-B4D0B has been placed by Test Customer via cod. Total amount: ₹481.81',0,'2026-06-30 17:33:31'),(268,'payment','Payment Pending','Order ORD-B4D0B is placed with Cash on Delivery. Payment will be collected on delivery.',0,'2026-06-30 17:33:31'),(269,'system','Admin Login Detected','Administrator System Admin logged in from IP address ::1.',0,'2026-06-30 17:34:41'),(270,'kitchen','Order In Prep','Order ORD-B4D0B is now being prepared in the kitchen.',0,'2026-06-30 17:34:47'),(271,'order','Order Cancelled','Order ORD-B4D0B for Test Customer has been cancelled by the driver. Reason: Delivery Address Not Found',0,'2026-06-30 18:34:20'),(272,'system','Admin Login Detected','Administrator System Admin logged in from IP address ::1.',0,'2026-07-01 06:59:53'),(273,'system','Admin Login Detected','Administrator System Admin logged in from IP address ::1.',0,'2026-07-01 07:02:50');
/*!40000 ALTER TABLE `notifications` ENABLE KEYS */;
UNLOCK TABLES;

--
-- Table structure for table `order_items`
--

DROP TABLE IF EXISTS `order_items`;
/*!40101 SET @saved_cs_client     = @@character_set_client */;
/*!40101 SET character_set_client = utf8 */;
CREATE TABLE `order_items` (
  `id` int(11) NOT NULL AUTO_INCREMENT,
  `order_id` int(11) DEFAULT NULL,
  `food_item_id` int(11) DEFAULT NULL,
  `item_name` varchar(100) DEFAULT NULL,
  `quantity` int(11) DEFAULT NULL,
  `price` decimal(10,2) DEFAULT NULL,
  `unit_price` decimal(10,2) DEFAULT NULL,
  `subtotal` decimal(10,2) DEFAULT NULL,
  PRIMARY KEY (`id`),
  KEY `order_id` (`order_id`),
  KEY `food_item_id` (`food_item_id`)
) ENGINE=InnoDB AUTO_INCREMENT=178 DEFAULT CHARSET=utf8mb4 COLLATE=utf8mb4_general_ci;
/*!40101 SET character_set_client = @saved_cs_client */;

--
-- Dumping data for table `order_items`
--

LOCK TABLES `order_items` WRITE;
/*!40000 ALTER TABLE `order_items` DISABLE KEYS */;
INSERT INTO `order_items` VALUES (1,1,1,'Butter Chicken',2,450.00,NULL,NULL),(2,1,7,'Garlic Naan',4,80.00,NULL,NULL),(3,1,6,'Samosa',1,180.00,NULL,NULL),(4,2,8,'Margherita Pizza',1,350.00,NULL,NULL),(5,2,25,'Tiramisu',1,320.00,NULL,NULL),(6,3,14,'Sushi Roll (8 pcs)',2,550.00,NULL,NULL),(7,3,17,'Ramen Bowl',1,420.00,NULL,NULL),(8,4,19,'Classic Burger',2,350.00,NULL,NULL),(9,4,22,'Chicken Wings (6 pcs)',1,380.00,NULL,NULL),(10,5,20,'BBQ Ribs',3,550.00,NULL,NULL),(11,5,21,'Mac & Cheese',2,320.00,NULL,NULL),(12,5,29,'Chocolate Lava Cake',2,380.00,NULL,NULL),(13,6,15,'Pad Thai',1,380.00,NULL,NULL),(14,6,7,'Garlic Naan',1,80.00,NULL,NULL),(15,6,24,'Gulab Jamun (3 pcs)',1,150.00,NULL,NULL),(16,7,2,'Chicken Biryani',2,350.00,NULL,NULL),(17,7,17,'Ramen Bowl',1,420.00,NULL,NULL),(18,8,10,'Pasta Alfredo',1,380.00,NULL,NULL),(19,8,25,'Tiramisu',1,320.00,NULL,NULL),(20,9,8,'Margherita Pizza',2,350.00,NULL,NULL),(21,9,9,'Pepperoni Pizza',1,420.00,NULL,NULL),(22,9,12,'Classic Lasagna',1,450.00,NULL,NULL),(23,10,1,'Butter Chicken',1,450.00,NULL,NULL),(24,10,24,'Gulab Jamun (3 pcs)',1,150.00,NULL,NULL),(25,10,7,'Garlic Naan',2,80.00,NULL,NULL),(26,11,2,'Chicken Biryani',3,350.00,NULL,NULL),(27,11,26,'Ice Cream Sundae',1,220.00,NULL,NULL),(28,12,16,'Dim Sum (6 pcs)',2,320.00,NULL,NULL),(29,12,13,'Bruschetta',1,250.00,NULL,NULL),(30,13,20,'BBQ Ribs',2,550.00,NULL,NULL),(31,13,22,'Chicken Wings (6 pcs)',2,380.00,NULL,NULL),(32,13,28,'New York Cheesecake',1,350.00,NULL,NULL),(33,14,1,'Butter Chicken',1,450.00,NULL,NULL),(34,14,2,'Chicken Biryani',1,350.00,NULL,NULL),(35,15,10,'Pasta Alfredo',1,380.00,NULL,NULL),(36,15,11,'Pasta Arrabiata',1,350.00,NULL,NULL),(37,15,7,'Garlic Naan',1,80.00,NULL,NULL),(38,16,19,'Classic Burger',1,350.00,NULL,NULL),(39,16,21,'Mac & Cheese',1,320.00,NULL,NULL),(40,16,28,'New York Cheesecake',1,350.00,NULL,NULL),(41,17,14,'Sushi Roll (8 pcs)',1,550.00,NULL,NULL),(42,17,15,'Pad Thai',1,380.00,NULL,NULL),(43,17,27,'Mochi Ice Cream (3 pcs)',1,280.00,NULL,NULL),(44,18,NULL,'Burger',2,150.00,NULL,NULL),(45,19,NULL,'Veg Biryani',1,249.00,NULL,NULL),(46,20,1,'Butter Chicken',1,349.00,NULL,NULL),(47,20,NULL,'Veg Biryani',1,249.00,NULL,NULL),(48,21,8,'Margherita Pizza',1,299.00,NULL,NULL),(49,21,1,'Butter Chicken',1,349.00,NULL,NULL),(50,22,NULL,'Burger',2,150.00,NULL,NULL),(51,23,8,'Margherita Pizza',1,299.00,NULL,NULL),(52,23,1,'Butter Chicken',1,349.00,NULL,NULL),(53,24,8,'Margherita Pizza',1,299.00,NULL,NULL),(54,24,1,'Butter Chicken',1,349.00,NULL,NULL),(55,25,1,'Butter Chicken',1,349.00,NULL,NULL),(56,25,NULL,'Veg Biryani',1,249.00,NULL,NULL),(57,26,8,'Margherita Pizza',1,299.00,NULL,NULL),(58,26,1,'Butter Chicken',2,349.00,NULL,NULL),(59,26,NULL,'Veg Biryani',1,249.00,NULL,NULL),(60,27,8,'Margherita Pizza',1,299.00,NULL,NULL),(61,27,1,'Butter Chicken',1,349.00,NULL,NULL),(62,28,NULL,'Basic Box',1,15.85,NULL,NULL),(63,29,8,'Margherita Pizza',1,299.00,NULL,NULL),(64,29,1,'Butter Chicken',1,349.00,NULL,NULL),(65,30,NULL,'Basic Box',1,15.85,NULL,NULL),(66,31,1,'Butter Chicken',1,349.00,NULL,NULL),(67,31,NULL,'Veg Biryani',1,249.00,NULL,NULL),(68,32,NULL,'Basic Box',1,15.85,NULL,NULL),(69,33,1,'Butter Chicken',1,349.00,NULL,NULL),(70,33,NULL,'Veg Biryani',1,249.00,NULL,NULL),(71,34,NULL,'Veg Biryani',1,249.00,NULL,NULL),(72,35,NULL,'Veg Biryani',1,249.00,NULL,NULL),(73,35,NULL,'Gulab Jamun',1,129.00,NULL,NULL),(74,36,NULL,'Basic Box',1,15.85,NULL,NULL),(75,37,NULL,'Basic Box',1,15.85,NULL,NULL),(76,38,2,'Chicken Biryani',1,350.00,NULL,NULL),(77,38,3,'Dal Makhani',1,280.00,NULL,NULL),(78,38,14,'Sushi Roll (8 pcs)',1,550.00,NULL,NULL),(79,38,20,'BBQ Ribs',1,550.00,NULL,NULL),(80,38,21,'Mac & Cheese',1,320.00,NULL,NULL),(81,39,8,'Margherita Pizza',1,350.00,NULL,NULL),(82,39,11,'Pasta Arrabiata',1,350.00,NULL,NULL),(83,39,15,'Pad Thai',1,380.00,NULL,NULL),(84,39,17,'Ramen Bowl',1,420.00,NULL,NULL),(85,40,1,'Butter Chicken',1,450.00,NULL,NULL),(86,40,2,'Chicken Biryani',1,350.00,NULL,NULL),(87,41,1,'Butter Chicken',1,450.00,NULL,NULL),(88,41,8,'Margherita Pizza',1,350.00,NULL,NULL),(89,42,1,'Butter Chicken',1,450.00,NULL,NULL),(90,42,2,'Chicken Biryani',1,350.00,NULL,NULL),(91,43,NULL,'Basic Box',1,15.85,NULL,NULL),(92,44,2,'Chicken Biryani',1,350.00,NULL,NULL),(93,44,3,'Dal Makhani',1,280.00,NULL,NULL),(94,45,2,'Chicken Biryani',1,350.00,NULL,NULL),(95,45,3,'Dal Makhani',1,280.00,NULL,NULL),(96,46,2,'Chicken Biryani',3,350.00,NULL,NULL),(97,46,3,'Dal Makhani',1,280.00,NULL,NULL),(98,46,1,'Butter Chicken',1,450.00,NULL,NULL),(99,47,5,'Palak Paneer',1,320.00,NULL,NULL),(100,47,6,'Samosa',1,180.00,NULL,NULL),(101,47,8,'Margherita Pizza',1,350.00,NULL,NULL),(102,47,11,'Pasta Arrabiata',1,350.00,NULL,NULL),(103,48,5,'Palak Paneer',1,320.00,NULL,NULL),(104,48,6,'Samosa',1,180.00,NULL,NULL),(105,48,8,'Margherita Pizza',1,350.00,NULL,NULL),(106,49,5,'Palak Paneer',1,320.00,NULL,NULL),(107,49,6,'Samosa',1,180.00,NULL,NULL),(108,49,8,'Margherita Pizza',1,350.00,NULL,NULL),(109,50,1,'Butter Chicken',1,450.00,NULL,NULL),(110,50,3,'Dal Makhani',1,280.00,NULL,NULL),(111,51,1,'Butter Chicken',2,450.00,NULL,NULL),(112,51,2,'Chicken Biryani',2,350.00,NULL,NULL),(113,52,NULL,'Johnnie Walker Black Label',1,4500.00,NULL,NULL),(114,53,NULL,'Johnnie Walker Black Label',1,4500.00,NULL,NULL),(115,54,NULL,'Johnnie Walker Black Label',1,4500.00,NULL,NULL),(116,55,NULL,'Johnnie Walker Black Label',1,4500.00,NULL,NULL),(117,56,NULL,'Johnnie Walker Black Label',1,4500.00,NULL,NULL),(118,57,NULL,'Johnnie Walker Black Label',1,4500.00,NULL,NULL),(119,58,NULL,'Johnnie Walker Black Label',1,4500.00,NULL,NULL),(120,59,NULL,'Hendrick\'s Artisanal Gin',1,4200.00,NULL,NULL),(121,60,NULL,'Australian Lamb Chops',1,2550.00,NULL,NULL),(122,61,NULL,'Johnnie Walker Black Label',1,4500.00,NULL,NULL),(123,62,NULL,'Johnnie Walker Black Label',1,4500.00,NULL,NULL),(124,63,NULL,'Manchow Soup',1,425.00,NULL,NULL),(125,63,NULL,'Vietnamese Pho Soup',1,425.00,NULL,NULL),(126,64,NULL,'Hendrick\'s Artisanal Gin',1,4200.00,NULL,NULL),(127,65,NULL,'Hendrick\'s Artisanal Gin',1,4200.00,NULL,NULL),(128,66,2,'Manchow Soup',1,425.00,425.00,425.00),(129,67,8,'Tom Yum',1,425.00,425.00,425.00),(130,67,25,'Shanghai Bowl',2,585.00,585.00,1170.00),(131,68,2,'Manchow Soup',1,425.00,425.00,425.00),(132,69,8,'Tom Yum',1,425.00,NULL,NULL),(133,69,25,'Shanghai Bowl',2,585.00,NULL,NULL),(134,70,2,'Manchow Soup',1,425.00,425.00,425.00),(135,71,2,'Manchow Soup',1,425.00,425.00,425.00),(136,72,3,'Vietnamese Pho Soup',1,425.00,425.00,425.00),(137,73,1,'Cream of Mushroom',2,425.00,425.00,850.00),(138,74,4,'Hot & Sour Soup',1,425.00,425.00,425.00),(139,75,3,'Vietnamese Pho Soup',1,425.00,425.00,425.00),(140,76,10,'Burrata and Berry Salad',1,645.00,645.00,645.00),(141,76,11,'Classical Caesar Salad',1,425.00,425.00,425.00),(142,77,3,'Vietnamese Pho Soup',1,425.00,425.00,425.00),(143,78,12,'Middle Eastern Salad Bowl',1,545.00,545.00,545.00),(144,79,3,'Vietnamese Pho Soup',1,425.00,425.00,425.00),(145,80,3,'Vietnamese Pho Soup',1,425.00,425.00,425.00),(146,81,16,'Tandoori Roti',1,45.00,45.00,45.00),(147,82,NULL,'Butter Chicken',2,450.00,450.00,900.00),(148,82,NULL,'Garlic Naan',3,80.00,80.00,240.00),(149,83,6,'Lemon Coriander Soup',2,425.00,425.00,850.00),(150,84,3,'Vietnamese Pho Soup',1,425.00,425.00,425.00),(151,85,7,'Roasted Tomato Basil Soup',1,425.00,425.00,425.00),(154,88,18,'Naan',1,85.00,85.00,85.00),(155,89,6,'Lemon Coriander Soup',1,425.00,425.00,425.00),(156,90,2,'Manchow Soup',1,425.00,425.00,425.00),(157,91,2,'Manchow Soup',1,425.00,425.00,425.00),(158,92,2,'Manchow Soup',1,425.00,425.00,425.00),(159,93,2,'Manchow Soup',1,425.00,425.00,425.00),(160,94,2,'Manchow Soup',1,425.00,425.00,425.00),(161,95,7,'Roasted Tomato Basil Soup',1,425.00,425.00,425.00),(162,96,7,'Roasted Tomato Basil Soup',1,425.00,NULL,NULL),(163,96,10,'Burrata and Berry Salad',1,645.00,NULL,NULL),(164,97,2,'Manchow Soup',1,425.00,NULL,NULL),(165,97,3,'Vietnamese Pho Soup',1,425.00,NULL,NULL),(166,98,6,'Lemon Coriander Soup',1,425.00,425.00,425.00),(167,98,70,'Salmon Roll',1,725.00,725.00,725.00),(168,99,6,'Lemon Coriander Soup',1,425.00,425.00,425.00),(169,100,2,'Manchow Soup',1,425.00,425.00,425.00),(170,101,12,'Middle Eastern Salad Bowl',1,545.00,545.00,545.00),(171,101,21,'Pappad',1,125.00,125.00,125.00),(172,101,29,'Australian Lamb Chops',1,2550.00,2550.00,2550.00),(173,102,1,'Cream of Mushroom',1,425.00,NULL,NULL),(174,102,NULL,'Garlic Naan',3,80.00,NULL,NULL),(175,103,92,'Mushroom Pizza',1,545.00,545.00,545.00),(176,104,6,'Lemon Coriander Soup',1,425.00,425.00,425.00),(177,105,3,'Vietnamese Pho Soup',1,425.00,425.00,425.00);
/*!40000 ALTER TABLE `order_items` ENABLE KEYS */;
UNLOCK TABLES;

--
-- Table structure for table `orders`
--

DROP TABLE IF EXISTS `orders`;
/*!40101 SET @saved_cs_client     = @@character_set_client */;
/*!40101 SET character_set_client = utf8 */;
CREATE TABLE `orders` (
  `id` int(11) NOT NULL AUTO_INCREMENT,
  `order_number` varchar(20) DEFAULT NULL,
  `customer_name` varchar(100) DEFAULT NULL,
  `customer_phone` varchar(15) DEFAULT NULL,
  `delivery_address` text DEFAULT NULL,
  `total_amount` decimal(10,2) DEFAULT NULL,
  `order_status` varchar(20) DEFAULT 'pending',
  `order_date` timestamp NOT NULL DEFAULT current_timestamp(),
  `user_id` int(11) DEFAULT NULL,
  `tracking_token` char(64) DEFAULT NULL,
  `tracking_status` varchar(30) DEFAULT 'placed',
  `estimated_delivery` datetime DEFAULT NULL,
  `delivery_city` varchar(100) DEFAULT NULL,
  `delivery_state` varchar(100) DEFAULT NULL,
  `delivery_pincode` varchar(20) DEFAULT NULL,
  `tax_amount` decimal(10,2) DEFAULT 0.00,
  `discount` decimal(10,2) DEFAULT 0.00,
  `tier_discount_amount` decimal(10,2) DEFAULT 0.00,
  `points_redeemed` int(11) DEFAULT 0,
  `points_redeemed_discount` decimal(10,2) DEFAULT 0.00,
  `points_earned` int(11) DEFAULT 0,
  `payment_method` varchar(50) DEFAULT 'Online',
  `packing_charge` decimal(10,2) DEFAULT 0.00,
  `delivery_charge` decimal(10,2) DEFAULT 40.00,
  `pdf_path` varchar(500) DEFAULT NULL,
  `status` varchar(30) DEFAULT 'pending',
  `coupon_code` varchar(50) DEFAULT NULL,
  `coupon_discount` decimal(10,2) DEFAULT 0.00,
  `driver_lat` decimal(10,8) DEFAULT NULL,
  `driver_lng` decimal(11,8) DEFAULT NULL,
  `driver_phone` varchar(20) DEFAULT NULL,
  `driver_name` varchar(100) DEFAULT NULL,
  `driver_last_updated` timestamp NULL DEFAULT NULL,
  `order_type` varchar(20) DEFAULT 'delivery',
  `cancellation_reason` varchar(255) DEFAULT NULL,
  PRIMARY KEY (`id`),
  UNIQUE KEY `order_number` (`order_number`),
  UNIQUE KEY `tracking_token` (`tracking_token`),
  KEY `user_id` (`user_id`),
  KEY `idx_tracking_token` (`tracking_token`)
) ENGINE=InnoDB AUTO_INCREMENT=106 DEFAULT CHARSET=utf8mb4 COLLATE=utf8mb4_general_ci;
/*!40101 SET character_set_client = @saved_cs_client */;

--
-- Dumping data for table `orders`
--

LOCK TABLES `orders` WRITE;
/*!40000 ALTER TABLE `orders` DISABLE KEYS */;
INSERT INTO `orders` VALUES (1,'ORD-A1010','Rahul Verma','9876543201','123, Golf Green, Kolkata - 700032',1280.00,'completed','2026-05-21 09:00:00',2,NULL,'placed',NULL,NULL,NULL,NULL,0.00,0.00,0.00,0,0.00,0,'Online',0.00,40.00,NULL,'pending',NULL,0.00,NULL,NULL,NULL,NULL,NULL,'delivery',NULL),(2,'ORD-A1011','Neha Sen','9876543202','Table T02',670.00,'completed','2026-05-21 13:45:00',3,NULL,'placed',NULL,NULL,NULL,NULL,0.00,0.00,0.00,0,0.00,0,'Online',0.00,40.00,NULL,'pending',NULL,0.00,NULL,NULL,NULL,NULL,NULL,'delivery',NULL),(3,'ORD-A1012','Amit Patel','9876543203','Sector 5, Salt Lake, Kolkata - 700091',1520.00,'completed','2026-05-22 07:30:00',2,NULL,'placed',NULL,NULL,NULL,NULL,0.00,0.00,0.00,0,0.00,0,'Online',0.00,40.00,NULL,'pending',NULL,0.00,NULL,NULL,NULL,NULL,NULL,'delivery',NULL),(4,'ORD-A1013','Suresh Kumar','9876543204','Table A02',930.00,'completed','2026-05-22 15:00:00',NULL,NULL,'placed',NULL,NULL,NULL,NULL,0.00,0.00,0.00,0,0.00,0,'Online',0.00,40.00,NULL,'pending',NULL,0.00,NULL,NULL,NULL,NULL,NULL,'delivery',NULL),(5,'ORD-A1014','Vikram Singh','9876543205','Park Street, Kolkata - 700016',2450.00,'completed','2026-05-23 07:15:00',3,NULL,'placed',NULL,NULL,NULL,NULL,0.00,0.00,0.00,0,0.00,0,'Online',0.00,40.00,NULL,'pending',NULL,0.00,NULL,NULL,NULL,NULL,NULL,'delivery',NULL),(6,'ORD-A1015','Preeti Bose','9876543206','Table G03',480.00,'completed','2026-05-23 15:30:00',NULL,NULL,'placed',NULL,NULL,NULL,NULL,0.00,0.00,0.00,0,0.00,0,'Online',0.00,40.00,NULL,'pending',NULL,0.00,NULL,NULL,NULL,NULL,NULL,'delivery',NULL),(7,'ORD-A1016','Rohan Gupta','9876543207','Lake Gardens, Kolkata - 700045',1100.00,'completed','2026-05-24 08:00:00',2,NULL,'placed',NULL,NULL,NULL,NULL,0.00,0.00,0.00,0,0.00,0,'Online',0.00,40.00,NULL,'pending',NULL,0.00,NULL,NULL,NULL,NULL,NULL,'delivery',NULL),(8,'ORD-A1017','Deepak Sen','9876543208','Table B01',750.00,'completed','2026-05-24 13:15:00',NULL,NULL,'placed',NULL,NULL,NULL,NULL,0.00,0.00,0.00,0,0.00,0,'Online',0.00,40.00,NULL,'pending',NULL,0.00,NULL,NULL,NULL,NULL,NULL,'delivery',NULL),(9,'ORD-A1018','Pooja Roy','9876543209','New Town, Kolkata - 700156',1680.00,'completed','2026-05-25 09:50:00',3,NULL,'placed',NULL,NULL,NULL,NULL,0.00,0.00,0.00,0,0.00,0,'Online',0.00,40.00,NULL,'pending',NULL,0.00,NULL,NULL,NULL,NULL,NULL,'delivery',NULL),(10,'ORD-A1019','Ravi Shankar','9876543220','Table T05',840.00,'completed','2026-05-25 16:10:00',NULL,NULL,'placed',NULL,NULL,NULL,NULL,0.00,0.00,0.00,0,0.00,0,'Online',0.00,40.00,NULL,'pending',NULL,0.00,NULL,NULL,NULL,NULL,NULL,'delivery',NULL),(11,'ORD-A1020','Piyush Sharma','9876543212','Bidhannagar, Kolkata - 700064',1350.00,'completed','2026-05-26 06:45:00',3,NULL,'placed',NULL,NULL,NULL,NULL,0.00,0.00,0.00,0,0.00,0,'Online',0.00,40.00,NULL,'pending',NULL,0.00,NULL,NULL,NULL,NULL,NULL,'delivery',NULL),(12,'ORD-A1021','Ananya Ray','9876543221','Table RD2',900.00,'completed','2026-05-26 14:40:00',NULL,NULL,'placed',NULL,NULL,NULL,NULL,0.00,0.00,0.00,0,0.00,0,'Online',0.00,40.00,NULL,'pending',NULL,0.00,NULL,NULL,NULL,NULL,NULL,'delivery',NULL),(13,'ORD-A1022','Karan Johar','9876543222','Ballygunge, Kolkata - 700019',2150.00,'completed','2026-05-27 06:00:00',2,NULL,'placed',NULL,NULL,NULL,NULL,0.00,0.00,0.00,0,0.00,0,'Online',0.00,40.00,NULL,'pending',NULL,0.00,NULL,NULL,NULL,NULL,NULL,'delivery',NULL),(14,'ORD-A1023','Test Customer','9876543211','Table T01',800.00,'ready','2026-05-27 06:30:00',2,'1754b88ab9e55e7a4c31173d0f304b95744193a4f36ae833f3e17672cc80e6a3','out_for_delivery',NULL,NULL,NULL,NULL,0.00,0.00,0.00,0,0.00,0,'Online',0.00,40.00,NULL,'pending',NULL,0.00,NULL,NULL,NULL,NULL,NULL,'delivery',NULL),(15,'ORD-A1024','Arjun Kapoor','9876543223','Table A03',770.00,'pending','2026-05-27 06:45:00',NULL,NULL,'placed',NULL,NULL,NULL,NULL,0.00,0.00,0.00,0,0.00,0,'Online',0.00,40.00,NULL,'pending',NULL,0.00,NULL,NULL,NULL,NULL,NULL,'delivery',NULL),(16,'ORD-A1025','Janhvi Kapoor','9876543224','Alipore, Kolkata - 700027',950.00,'cancelled','2026-05-27 06:50:00',NULL,NULL,'placed',NULL,NULL,NULL,NULL,0.00,0.00,0.00,0,0.00,0,'Online',0.00,40.00,NULL,'cancelled',NULL,0.00,30.68079852,76.72339499,NULL,NULL,'2026-06-30 09:59:52','delivery',NULL),(17,'ORD-A1026','Piyush Sharma','9876543212','Table G02',1260.00,'ready','2026-05-27 06:55:00',3,NULL,'out_for_delivery',NULL,NULL,NULL,NULL,0.00,0.00,0.00,0,0.00,0,'Online',0.00,40.00,NULL,'pending',NULL,0.00,NULL,NULL,NULL,NULL,NULL,'delivery',NULL),(18,'ORD-72033','Test User','9876543210','123 Main St, New York, NY',394.00,'pending','2026-05-26 02:18:39',NULL,NULL,'placed',NULL,NULL,NULL,NULL,0.00,0.00,0.00,0,0.00,0,'Online',0.00,40.00,NULL,'pending',NULL,0.00,NULL,NULL,NULL,NULL,NULL,'delivery',NULL),(19,'ORD-099E8','John Doe','9876543210','123, Main Street, Apt 4B, New York, Delhi - 10001, India',333.82,'pending','2026-05-26 02:20:56',NULL,NULL,'placed',NULL,NULL,NULL,NULL,0.00,0.00,0.00,0,0.00,0,'Online',0.00,40.00,NULL,'pending',NULL,0.00,NULL,NULL,NULL,NULL,NULL,'delivery',NULL),(20,'ORD-4D605','John Doe','9485206796','123, Main Street, Apt 4B, New York, Delhi - 10001, India',745.64,'pending','2026-05-26 02:22:52',NULL,NULL,'placed',NULL,NULL,NULL,NULL,0.00,0.00,0.00,0,0.00,0,'Online',0.00,40.00,NULL,'pending',NULL,0.00,NULL,NULL,NULL,NULL,NULL,'delivery',NULL),(21,'ORD-C46AD','John Doe','9485206796','123, Main Street, Apt 4B, New York, Delhi - 10001, India',804.64,'pending','2026-05-26 02:48:04',NULL,NULL,'placed',NULL,NULL,NULL,NULL,0.00,0.00,0.00,0,0.00,0,'Online',0.00,40.00,NULL,'pending',NULL,0.00,NULL,NULL,NULL,NULL,NULL,'delivery',NULL),(22,'ORD-42D3B','Test User','9485206796','123 Main St, New York, NY',394.00,'pending','2026-05-26 02:54:20',NULL,NULL,'placed',NULL,NULL,NULL,NULL,0.00,0.00,0.00,0,0.00,0,'Online',0.00,40.00,NULL,'pending',NULL,0.00,NULL,NULL,NULL,NULL,NULL,'delivery',NULL),(23,'ORD-F4239','John Doe','7814585430','123, Main Street, Apt 4B, New York, Delhi - 10001, India',804.64,'pending','2026-05-26 02:55:51',NULL,NULL,'placed',NULL,NULL,NULL,NULL,0.00,0.00,0.00,0,0.00,0,'Online',0.00,40.00,NULL,'pending',NULL,0.00,NULL,NULL,NULL,NULL,NULL,'delivery',NULL),(24,'ORD-4264A','John Doe','9485206796','123, Main Street, Apt 4B, New York, Delhi - 10001, India',804.64,'pending','2026-05-26 02:59:24',NULL,NULL,'placed',NULL,NULL,NULL,NULL,0.00,0.00,0.00,0,0.00,0,'Online',0.00,40.00,NULL,'pending',NULL,0.00,NULL,NULL,NULL,NULL,NULL,'delivery',NULL),(25,'ORD-5D49C','John Doe','7814585430','123, Main Street, Apt 4B, New York, Delhi - 10001, India',745.64,'pending','2026-05-26 03:19:10',NULL,NULL,'placed',NULL,NULL,NULL,NULL,0.00,0.00,0.00,0,0.00,0,'Online',0.00,40.00,NULL,'pending',NULL,0.00,NULL,NULL,NULL,NULL,NULL,'delivery',NULL),(26,'ORD-17C6B','John Doe','7814585430','123, Main Street, Apt 4B, New York, Delhi - 10001, India',1510.28,'pending','2026-05-26 03:23:53',NULL,NULL,'placed',NULL,NULL,NULL,NULL,0.00,0.00,0.00,0,0.00,0,'Online',0.00,40.00,NULL,'pending',NULL,0.00,NULL,NULL,NULL,NULL,NULL,'delivery',NULL),(27,'ORD-E2919','John Doe','9855669331','123, Main Street, Apt 4B, New York, Delhi - 10001, India',804.64,'pending','2026-05-26 03:26:35',NULL,NULL,'placed',NULL,NULL,NULL,NULL,0.00,0.00,0.00,0,0.00,0,'Online',0.00,40.00,NULL,'pending',NULL,0.00,NULL,NULL,NULL,NULL,NULL,'delivery',NULL),(28,'ORD-E71DB','John Doe','9855669331','123, Main Street, Apt 4B, New York, Delhi - 10001, India',58.70,'pending','2026-05-26 03:27:18',NULL,NULL,'placed',NULL,NULL,NULL,NULL,0.00,0.00,0.00,0,0.00,0,'Online',0.00,40.00,NULL,'pending',NULL,0.00,NULL,NULL,NULL,NULL,NULL,'delivery',NULL),(29,'ORD-ADDED','John Doe','7814585430','123, Main Street, Apt 4B, New York, Delhi - 10001, India',804.64,'pending','2026-05-26 03:29:07',NULL,NULL,'placed',NULL,NULL,NULL,NULL,0.00,0.00,0.00,0,0.00,0,'Online',0.00,40.00,NULL,'pending',NULL,0.00,NULL,NULL,NULL,NULL,NULL,'delivery',NULL),(30,'ORD-9B83B','John Doe','7814585430','123, Main Street, Apt 4B, New York, Delhi - 10001, India',58.70,'pending','2026-05-26 03:46:47',NULL,NULL,'placed',NULL,NULL,NULL,NULL,0.00,0.00,0.00,0,0.00,0,'Online',0.00,40.00,NULL,'pending',NULL,0.00,NULL,NULL,NULL,NULL,NULL,'delivery',NULL),(31,'ORD-068CF','John Doe','7814585430','123, Main Street, Apt 4B, New York, Delhi - 10001, India',745.64,'pending','2026-05-26 03:50:00',NULL,NULL,'placed',NULL,NULL,NULL,NULL,0.00,0.00,0.00,0,0.00,0,'Online',0.00,40.00,NULL,'pending',NULL,0.00,NULL,NULL,NULL,NULL,NULL,'delivery',NULL),(32,'ORD-32342','John Doe','7814585430','123, Main Street, Apt 4B, New York, Delhi - 10001, India',58.70,'pending','2026-05-26 05:46:38',NULL,NULL,'placed',NULL,NULL,NULL,NULL,0.00,0.00,0.00,0,0.00,0,'Online',0.00,40.00,NULL,'pending',NULL,0.00,NULL,NULL,NULL,NULL,NULL,'delivery',NULL),(33,'ORD-E7011','John Doe','9876543210','123, Main Street, Apt 4B, New York, Delhi - 10001, India',745.64,'pending','2026-05-26 05:49:31',NULL,NULL,'placed',NULL,NULL,NULL,NULL,0.00,0.00,0.00,0,0.00,0,'Online',0.00,40.00,NULL,'pending',NULL,0.00,NULL,NULL,NULL,NULL,NULL,'delivery',NULL),(34,'ORD-60507','John Doe','7814585430','123, Main Street, Apt 4B, New York, Delhi - 10001, India',333.82,'pending','2026-05-26 05:50:43',NULL,NULL,'placed',NULL,NULL,NULL,NULL,0.00,0.00,0.00,0,0.00,0,'Online',0.00,40.00,NULL,'pending',NULL,0.00,NULL,NULL,NULL,NULL,NULL,'delivery',NULL),(35,'ORD-EAAFE','John Doe','7814585430','123, Main Street, Apt 4B, New York, Delhi - 10001, India',486.04,'pending','2026-05-27 02:22:36',NULL,NULL,'placed',NULL,NULL,NULL,NULL,0.00,0.00,0.00,0,0.00,0,'Online',0.00,40.00,NULL,'pending',NULL,0.00,NULL,NULL,NULL,NULL,NULL,'delivery',NULL),(36,'ORD-E29D0','John Doe','7814585430','123, Main Street, Apt 4B, New York, Delhi - 10001, India',58.70,'pending','2026-05-27 04:00:11',NULL,NULL,'placed',NULL,NULL,NULL,NULL,0.00,0.00,0.00,0,0.00,0,'Online',0.00,40.00,NULL,'pending',NULL,0.00,NULL,NULL,NULL,NULL,NULL,'delivery',NULL),(37,'ORD-209AF','John Doe','7814585430','123, Main Street, Apt 4B, New York, Delhi - 10001, India',58.70,'pending','2026-05-27 04:09:30',NULL,NULL,'placed',NULL,NULL,NULL,NULL,0.00,0.00,0.00,0,0.00,0,'Online',0.00,40.00,NULL,'pending',NULL,0.00,NULL,NULL,NULL,NULL,NULL,'delivery',NULL),(38,'ORD-27F9A','ramu Doe','7814585430','123, Main Street, Apt 4B, New York, Delhi - 10001, India',2459.00,'pending','2026-05-27 04:25:51',NULL,NULL,'placed',NULL,NULL,NULL,NULL,0.00,0.00,0.00,0,0.00,0,'Online',0.00,40.00,NULL,'pending',NULL,0.00,NULL,NULL,NULL,NULL,NULL,'delivery',NULL),(39,'ORD-861E9','John Doe','7814585430','123, Main Street, Apt 4B, New York, Delhi - 10001, India',1810.00,'pending','2026-05-27 04:38:29',NULL,NULL,'placed',NULL,NULL,NULL,NULL,0.00,0.00,0.00,0,0.00,0,'Online',0.00,40.00,NULL,'pending',NULL,0.00,NULL,NULL,NULL,NULL,NULL,'delivery',NULL),(40,'ORD-7777F','John Doe','7814585430','123, Main Street, Apt 4B, New York, Delhi - 10001, India',984.00,'pending','2026-05-27 04:47:29',NULL,NULL,'placed',NULL,NULL,NULL,NULL,0.00,0.00,0.00,0,0.00,0,'Online',0.00,40.00,NULL,'pending',NULL,0.00,NULL,NULL,NULL,NULL,NULL,'delivery',NULL),(41,'ORD-A6F58','John Doe','9876543210','123, Main Street, Apt 4B, New York, Delhi - 10001, India',984.00,'pending','2026-05-27 06:34:28',NULL,NULL,'placed',NULL,NULL,NULL,NULL,0.00,0.00,0.00,0,0.00,0,'Online',0.00,40.00,NULL,'pending',NULL,0.00,NULL,NULL,NULL,NULL,NULL,'delivery',NULL),(42,'ORD-CB262','rahul Bhatt','7814585430','123, Main Street, New York, Delhi - 10001, India',984.00,'pending','2026-05-27 07:41:46',NULL,NULL,'placed',NULL,NULL,NULL,NULL,0.00,0.00,0.00,0,0.00,0,'Online',0.00,40.00,NULL,'pending',NULL,0.00,NULL,NULL,NULL,NULL,NULL,'delivery',NULL),(43,'ORD-AC198','System Admin','7814585430','Table T03, gshg;iofdhg, chd, Delhi - 10001, India',58.70,'pending','2026-05-27 07:53:12',NULL,NULL,'placed',NULL,NULL,NULL,NULL,0.00,0.00,0.00,0,0.00,0,'Online',0.00,40.00,NULL,'pending',NULL,0.00,NULL,NULL,NULL,NULL,NULL,'delivery',NULL),(44,'ORD-E2276','System Admin','7814585430','gshg;iofdhg, chd, Delhi - 10001, India',783.40,'pending','2026-05-27 07:54:35',NULL,NULL,'placed',NULL,NULL,NULL,NULL,0.00,0.00,0.00,0,0.00,0,'Online',0.00,40.00,NULL,'pending',NULL,0.00,NULL,NULL,NULL,NULL,NULL,'delivery',NULL),(45,'ORD-EB956','System Admin','7814585430','php, chd, Delhi - 10001, India',783.40,'pending','2026-05-27 07:56:12',NULL,NULL,'placed',NULL,NULL,NULL,NULL,0.00,0.00,0.00,0,0.00,0,'Online',0.00,40.00,NULL,'pending',NULL,0.00,NULL,NULL,NULL,NULL,NULL,'delivery',NULL),(46,'ORD-A2487','System Admin','7814585430','rajsri, psd, Delhi - 10001, India',2140.40,'pending','2026-05-27 07:58:42',NULL,NULL,'placed',NULL,NULL,NULL,NULL,0.00,0.00,0.00,0,0.00,0,'Online',0.00,40.00,NULL,'pending',NULL,0.00,NULL,NULL,NULL,NULL,NULL,'delivery',NULL),(47,'ORD-9E1B9','Ramu fgd','7814585430','123, Main Street, Apt 4B, chd, Delhi - 10001, India',1456.00,'pending','2026-05-27 08:26:42',NULL,NULL,'placed',NULL,NULL,NULL,NULL,0.00,0.00,0.00,0,0.00,0,'Online',0.00,40.00,NULL,'pending',NULL,0.00,NULL,NULL,NULL,NULL,NULL,'delivery',NULL),(48,'ORD-A5DF9','Test Customer','9876543211','123, Main Street, Apt 4B, chd, Delhi - 10001, India',1043.00,'pending','2026-05-27 09:10:43',NULL,NULL,'placed',NULL,NULL,NULL,NULL,0.00,0.00,0.00,0,0.00,0,'Online',0.00,40.00,NULL,'pending',NULL,0.00,NULL,NULL,NULL,NULL,NULL,'delivery',NULL),(49,'ORD-89B48','Test Customer','7814585430','123, Main Street, Apt 4B, chd, Delhi - 10001, India',1043.00,'pending','2026-05-27 09:11:28',NULL,NULL,'placed',NULL,NULL,NULL,NULL,0.00,0.00,0.00,0,0.00,0,'Online',0.00,40.00,NULL,'pending',NULL,0.00,NULL,NULL,NULL,NULL,NULL,'delivery',NULL),(50,'ORD-29934','Test Customer','7814585430','123, Main Street, Apt 4B, chd, Delhi - 10001, India',901.40,'pending','2026-05-29 05:33:20',NULL,NULL,'placed',NULL,NULL,NULL,NULL,0.00,0.00,0.00,0,0.00,0,'Online',0.00,40.00,NULL,'pending',NULL,0.00,NULL,NULL,NULL,NULL,NULL,'delivery',NULL),(51,'ORD-B3D66','John Doe Third','9876543223','123 Artisanal Way, Chandigarh, Delhi - 160017, India',1900.06,'pending','2026-06-06 03:52:03',NULL,NULL,'placed',NULL,NULL,NULL,NULL,0.00,0.00,0.00,0,0.00,0,'Online',0.00,40.00,NULL,'pending',NULL,0.00,NULL,NULL,NULL,NULL,NULL,'delivery',NULL),(52,'ORD-5A8B4','Test Customer','7973667447','GAYA BHA, CHDh, Delhi - 134109, India',4589.06,'pending','2026-06-08 07:50:08',NULL,NULL,'placed',NULL,NULL,NULL,NULL,0.00,0.00,0.00,0,0.00,0,'Online',0.00,40.00,NULL,'pending',NULL,0.00,NULL,NULL,NULL,NULL,NULL,'delivery',NULL),(53,'ORD-D6AE6','Test Customer','9855669331','GAYA BHA, CHDh, Delhi - 134109, India',4589.06,'pending','2026-06-08 07:51:36',NULL,NULL,'placed',NULL,NULL,NULL,NULL,0.00,0.00,0.00,0,0.00,0,'Online',0.00,40.00,NULL,'pending',NULL,0.00,NULL,NULL,NULL,NULL,NULL,'delivery',NULL),(54,'ORD-C5724','Test Customer','9855669331','GAYA BHA, CHDh, Delhi - 134109, India',4589.06,'pending','2026-06-08 08:03:03',NULL,NULL,'placed',NULL,NULL,NULL,NULL,0.00,0.00,0.00,0,0.00,0,'Online',0.00,40.00,NULL,'pending',NULL,0.00,NULL,NULL,NULL,NULL,NULL,'delivery',NULL),(55,'ORD-12C79','Test Customer','9855669331','GAYA BHA, CHDh, Delhi - 134109, India',4589.06,'pending','2026-06-08 08:10:49',NULL,NULL,'placed',NULL,NULL,NULL,NULL,0.00,0.00,0.00,0,0.00,0,'Online',0.00,40.00,NULL,'pending',NULL,0.00,NULL,NULL,NULL,NULL,NULL,'delivery',NULL),(56,'ORD-74177','Test Customer','9855669331','GAYA BHA, CHDh, Delhi - 134109, India',4589.06,'pending','2026-06-08 08:13:06',NULL,NULL,'placed',NULL,NULL,NULL,NULL,0.00,0.00,0.00,0,0.00,0,'Online',0.00,40.00,NULL,'pending',NULL,0.00,NULL,NULL,NULL,NULL,NULL,'delivery',NULL),(57,'ORD-CD0F3','Test Customer','9855669331','GAYA BHA, CHDh, Delhi - 134109, India',4589.06,'pending','2026-06-08 08:14:13',NULL,NULL,'placed',NULL,NULL,NULL,NULL,0.00,0.00,0.00,0,0.00,0,'Online',0.00,40.00,NULL,'pending',NULL,0.00,NULL,NULL,NULL,NULL,NULL,'delivery',NULL),(58,'ORD-621C5','Test Customer','7428723247','GAYA BHA, CHDh, Delhi - 134109, India',4364.06,'pending','2026-06-08 08:46:57',NULL,NULL,'placed',NULL,NULL,NULL,NULL,0.00,0.00,0.00,0,0.00,0,'Online',0.00,40.00,NULL,'pending',NULL,0.00,NULL,NULL,NULL,NULL,NULL,'delivery',NULL),(59,'ORD-9F36E','Test Customer','9855669331','GAYA BHA, CHDh, Delhi - 134109, India',4076.06,'pending','2026-06-08 08:49:06',NULL,NULL,'placed',NULL,NULL,NULL,NULL,0.00,0.00,0.00,0,0.00,0,'Online',0.00,40.00,NULL,'pending',NULL,0.00,NULL,NULL,NULL,NULL,NULL,'delivery',NULL),(60,'ORD-2F383','Rahul D','8124735499','GAYA BHA, CHDh, Delhi - 134109, India',2747.06,'pending','2026-06-08 14:39:23',NULL,NULL,'placed',NULL,NULL,NULL,NULL,0.00,0.00,0.00,0,0.00,0,'Online',0.00,40.00,NULL,'pending',NULL,0.00,NULL,NULL,NULL,NULL,NULL,'delivery',NULL),(61,'ORD-1D1FA','Piyush hfhdh','7814585430','GAYA BHA, CHDh, Delhi - 134109, India',4814.06,'pending','2026-06-09 07:30:12',NULL,NULL,'placed',NULL,NULL,NULL,NULL,0.00,0.00,0.00,0,0.00,0,'Online',0.00,40.00,NULL,'pending',NULL,0.00,NULL,NULL,NULL,NULL,NULL,'delivery',NULL),(62,'ORD-BCE13','Piyush Anushu','7814585430','GAYA BHA, CHDh, Delhi - 134109, India',4814.06,'pending','2026-06-09 07:31:07',NULL,NULL,'placed',NULL,NULL,NULL,NULL,0.00,0.00,0.00,0,0.00,0,'Online',0.00,40.00,NULL,'pending',NULL,0.00,NULL,NULL,NULL,NULL,NULL,'delivery',NULL),(63,'ORD-3F079','Anshu As','6484894546','Table T03, Jdjdje, Hsjshs, Delhi - 1342728, India',1026.00,'pending','2026-06-09 08:45:09',NULL,NULL,'placed',NULL,NULL,NULL,NULL,0.00,0.00,0.00,0,0.00,0,'Online',0.00,40.00,NULL,'pending',NULL,0.00,NULL,NULL,NULL,NULL,NULL,'delivery',NULL),(64,'ORD-E930F','Test Customer','7814585430','Table T04, GAYA BHA, CHDh, Delhi - 134109, India',2603.00,'pending','2026-06-09 09:21:50',NULL,NULL,'placed',NULL,NULL,NULL,NULL,0.00,0.00,0.00,0,0.00,0,'Online',0.00,40.00,NULL,'pending',NULL,0.00,NULL,NULL,NULL,NULL,NULL,'delivery',NULL),(65,'ORD-4E339','Test Customer','7814585430','GAYA BHA, CHDh, Delhi - 134109, India',4076.06,'pending','2026-06-09 09:23:00',NULL,NULL,'placed',NULL,NULL,NULL,NULL,0.00,0.00,0.00,0,0.00,0,'Online',0.00,40.00,NULL,'pending',NULL,0.00,NULL,NULL,NULL,NULL,NULL,'delivery',NULL),(66,'ORD-1994B','Rahul Dhiman','8124735499','GAYA BHA, CHDh, Delhi - 134109, India',494.56,'preparing','2026-06-10 18:29:05',NULL,'ca3a771e4135b119ffe47ffec02e6b8c83df4bc0ab0db7286fb91ae619410760','preparing','2026-06-10 21:14:05','','','',68.00,0.00,42.50,0,0.00,10,'Online',0.00,40.00,'bills/order_66_20260610_202907.pdf','pending',NULL,0.00,NULL,NULL,NULL,NULL,NULL,'delivery',NULL),(67,'ORD-1C2C5','Test Customer','9876543211','GAYA BHA, CHDh, Delhi - 134109, India',1734.76,'pending','2026-06-15 05:52:33',2,'e512d472224935bd122a64f97913d066112b8db543a2e300d1e7bf4e239c1880','placed','2026-06-15 08:37:33','CHDh','Delhi','134109',255.20,0.00,159.50,0,0.00,35,'gpay',0.00,40.00,'bills/order_67_20260615_075235.pdf','pending',NULL,0.00,NULL,NULL,NULL,NULL,NULL,'delivery',NULL),(68,'ORD-7DEB2','Test Customer','9876543211','GAYA BHA, CHDh, Delhi - 134109, India',494.56,'Delivered','2026-06-17 20:37:43',2,'177fe0927197e6cf875eb19950fba55ed64493c6915ceb9ff3c0c5d02554d22d','out_for_delivery','2026-06-17 23:22:43','CHDh','Delhi','134109',68.00,0.00,42.50,0,0.00,10,'gpay',0.00,40.00,'bills/order_68_20260617_223744.pdf','Delivered',NULL,0.00,NULL,NULL,NULL,NULL,NULL,'delivery',NULL),(69,'ORD-2CC9A','Test Customer','9876543211','GAYA BHA, CHDh, Delhi - 134109, India',1734.76,'pending','2026-06-11 02:12:21',NULL,NULL,'placed',NULL,NULL,NULL,NULL,0.00,0.00,0.00,0,0.00,0,'Online',0.00,40.00,NULL,'pending',NULL,0.00,NULL,NULL,NULL,NULL,NULL,'delivery',NULL),(70,'ORD-EDCAA','Test Customer','9876543211','GAYA BHA, CHDh, Delhi - 134109, India',494.56,'pending','2026-06-19 07:39:26',2,'0d235a49124842b3ca91ad1d6d85da0e7dcc75988ee7fcb21931fb7c9369653a','placed','2026-06-19 10:24:26','CHDh','Delhi','134109',68.00,0.00,42.50,0,0.00,10,'gpay',0.00,40.00,'bills/order_70_20260619_093928.pdf','pending',NULL,0.00,NULL,NULL,NULL,NULL,NULL,'delivery',NULL),(71,'ORD-A2EF2','Test Customer','9876543211','Plot number F-547 3rd floor Industrial Area, 8A, Sector 75, Sahibzada Ajit Singh Nagar, Punjab 160055, Kolkata, West Bengal - 700019, India',494.56,'pending','2026-06-23 08:14:34',2,'53e8583e927435718a3c67ccaf4bd117a77c959750e30ff37d2e61c0e9994013','placed','2026-06-23 10:59:34','Kolkata','West Bengal','700019',68.00,0.00,42.50,0,0.00,10,'online',0.00,40.00,'bills/order_71_20260623_101434.pdf','pending',NULL,0.00,NULL,NULL,NULL,NULL,NULL,'delivery',NULL),(72,'ORD-F302F','Test Customer','9876543211','Plot number F-547 3rd floor Industrial Area, 8A, Sector 75, Sahibzada Ajit Singh Nagar, Punjab 160055, Kolkata, West Bengal - 700019, India',494.56,'pending','2026-06-23 08:23:27',2,'3556f8db27183454df25ae350fd6da52fa674802def2dc6a89085ff611b3f816','placed','2026-06-23 11:08:27','Kolkata','West Bengal','700019',68.00,0.00,42.50,0,0.00,10,'online',0.00,40.00,'bills/order_72_20260623_102327.pdf','pending',NULL,0.00,NULL,NULL,NULL,NULL,NULL,'delivery',NULL),(73,'ORD-136FD','Test Customer','9876543211','Plot number F-547 3rd floor Industrial Area, 8A, Sector 75, Sahibzada Ajit Singh Nagar, Punjab 160055, , West Bengal - , India',962.06,'pending','2026-06-23 16:26:09',2,'34d0e1d4d772b4b8d0b01fdec4c05dc3ac747456e362fa42d855fcf367ba3742','placed','2026-06-23 19:11:09','','West Bengal','',153.00,0.00,85.00,0,0.00,19,'cod',0.00,40.00,'bills/order_73_20260623_182610.pdf','pending',NULL,0.00,NULL,NULL,NULL,NULL,NULL,'delivery',NULL),(74,'ORD-46F09','Test Customer','9876543211','Plot number F-547 3rd floor Industrial Area, 8A, Sector 75, Sahibzada Ajit Singh Nagar, Punjab 160055, , West Bengal - , India',503.06,'pending','2026-06-23 17:12:36',2,'7436a5fbf0332c612c29ca6c1b0a0a11c67eb6f9bb19db7768d139595d36488f','placed','2026-06-23 19:57:36','','West Bengal','',76.50,0.00,42.50,0,0.00,10,'card',0.00,40.00,'bills/order_74_20260623_191236.pdf','pending',NULL,0.00,NULL,NULL,NULL,NULL,NULL,'delivery',NULL),(75,'ORD-032A9','Test Customer','9876543211','Plot number F-547 3rd floor Industrial Area, 8A, Sector 75, Sahibzada Ajit Singh Nagar, Punjab 160055, , West Bengal - , India',503.06,'pending','2026-06-23 17:18:08',2,'903d66bea4252f75ebff1cde22222f32ff089b727c090da77a7a644c16dd9e61','placed','2026-06-23 20:03:08','','West Bengal','',76.50,0.00,42.50,0,0.00,10,'cod',0.00,40.00,'bills/order_75_20260623_191808.pdf','pending',NULL,0.00,NULL,NULL,NULL,NULL,NULL,'delivery',NULL),(76,'ORD-35CAC','Test Customer','9876543211','Plot number F-547 3rd floor Industrial Area, 8A, Sector 75, Sahibzada Ajit Singh Nagar, Punjab 160055, , West Bengal - , India',1199.66,'pending','2026-06-23 17:28:03',2,'6318f42dcf51c21b6fc28067e6bb894827360d130b7b768a95b326a2e587823c','placed','2026-06-23 20:13:03','','West Bengal','',192.60,0.00,107.00,0,0.00,24,'cod',0.00,40.00,'bills/order_76_20260623_192803.pdf','pending',NULL,0.00,NULL,NULL,NULL,NULL,NULL,'delivery',NULL),(77,'ORD-69DCB','Test Customer','9876543211','Plot number F-547 3rd floor Industrial Area, 8A, Sector 75, Sahibzada Ajit Singh Nagar, Punjab 160055, , West Bengal - , India',503.06,'pending','2026-06-23 17:28:38',2,'294bee3762448164095876340b77f177056ac946ad415b00aff358b14384dc99','placed','2026-06-23 20:13:38','','West Bengal','',76.50,0.00,42.50,0,0.00,10,'cod',0.00,40.00,'bills/order_77_20260623_192838.pdf','pending',NULL,0.00,NULL,NULL,NULL,NULL,NULL,'delivery',NULL),(78,'ORD-88F15','Test Customer','9876543211','Plot number F-547 3rd floor Industrial Area, 8A, Sector 75, Sahibzada Ajit Singh Nagar, Punjab 160055, , West Bengal - , India',632.66,'ready','2026-06-23 17:31:36',2,'91c21dcfd73e713d65b57dc79902d4cbc3e61405d2b8f213949e3f646cc9103f','out_for_delivery','2026-06-23 20:16:36','','West Bengal','',98.10,0.00,54.50,0,0.00,13,'cod',0.00,40.00,'bills/order_78_20260623_193136.pdf','pending',NULL,0.00,30.69780926,76.68829463,NULL,NULL,'2026-06-30 07:21:01','delivery',NULL),(79,'ORD-F82BE','Test Customer','9876543211','Plot number F-547 3rd floor Industrial Area, 8A, Sector 75, Sahibzada Ajit Singh Nagar, Punjab 160055, , West Bengal - , India',503.06,'pending','2026-06-23 17:33:35',2,'dca818cb3ece75a7762da6e6e8f5478c97e0a34011da407c025a1ce5e750c87d','placed','2026-06-23 20:18:35','','West Bengal','',76.50,0.00,42.50,0,0.00,10,'cod',0.00,40.00,'bills/order_79_20260623_193335.pdf','pending',NULL,0.00,NULL,NULL,NULL,NULL,NULL,'delivery',NULL),(80,'ORD-63232','Test Customer','9876543211','Plot number F-547 3rd floor Industrial Area, 8A, Sector 75, Sahibzada Ajit Singh Nagar, Punjab 160055, , West Bengal - , India',503.06,'pending','2026-06-23 17:50:46',2,'fc0a92156eb317a089b3de925f5c932b5e126a138d0e631a8bdbc71d7db6b64b','placed','2026-06-23 20:35:46','','West Bengal','',76.50,0.00,42.50,0,0.00,10,'online',0.00,40.00,'bills/order_80_20260623_195046.pdf','pending',NULL,0.00,NULL,NULL,NULL,NULL,NULL,'delivery',NULL),(81,'ORD-F5B4C','Test Customer','9876543211','Plot number F-547 3rd floor Industrial Area, 8A, Sector 75, Sahibzada Ajit Singh Nagar, Punjab 160055, , West Bengal - , India',92.66,'pending','2026-06-23 18:49:35',2,'0e6f9e0d618ef84e153b49dd48ea6ff274493c2957af347724610c93ed5eb654','placed','2026-06-23 21:34:35','','West Bengal','',8.10,0.00,4.50,0,0.00,2,'cod',0.00,40.00,'bills/order_81_20260623_204935.pdf','pending',NULL,0.00,NULL,NULL,NULL,NULL,NULL,'delivery',NULL),(82,'ORD-0F00C','John Doe Second','9876543222','123 Artisanal Way',1389.26,'pending','2026-06-23 19:00:00',NULL,'3943324677dcd1fabcc9b369bb84af8046339922f43bf47044fee33055f9a3b0','placed','2026-06-23 21:45:00','Chandigarh','Punjab','160017',205.20,0.00,0.00,0,0.00,0,'Cash',0.00,40.00,'bills/order_82_20260623_210001.pdf','pending',NULL,0.00,NULL,NULL,NULL,NULL,NULL,'delivery',NULL),(83,'ORD-D3194','Test Customer','9876543211','Plot number F-547 3rd floor Industrial Area, 8A, Sector 75, Sahibzada Ajit Singh Nagar, Punjab 160055, , West Bengal - , India',962.06,'pending','2026-06-24 10:12:13',2,'cda8caa308b60e2f8acbdf0b6a35b1fceea32ea15ae61e082651f0f0e21cfaf7','placed','2026-06-24 12:57:13','','West Bengal','',153.00,0.00,85.00,0,0.00,19,'online',0.00,40.00,'bills/order_83_20260624_121213.pdf','pending',NULL,0.00,NULL,NULL,NULL,NULL,NULL,'delivery',NULL),(84,'ORD-6AA65','Test Customer','9876543211','Plot number F-547 3rd floor Industrial Area, 8A, Sector 75, Sahibzada Ajit Singh Nagar, Punjab 160055, , West Bengal - , India',503.06,'pending','2026-06-24 11:02:30',2,'1fc073e55d9bda108718d2a0f4890b17723e53a07dc9bdc5cc1aec2878308bd0','placed','2026-06-24 13:47:30','','West Bengal','',76.50,0.00,42.50,0,0.00,10,'online',0.00,40.00,'bills/order_84_20260624_130230.pdf','pending',NULL,0.00,NULL,NULL,NULL,NULL,NULL,'delivery',NULL),(85,'ORD-9E1A6','Test Customer','9876543211','Plot number F-547 3rd floor Industrial Area, 8A, Sector 75, Sahibzada Ajit Singh Nagar, Punjab 160055, , West Bengal - , India',503.06,'pending','2026-06-24 11:10:49',2,'e77ddb10b011baed109035f590b0667e8baf3c9b1530bf4326f335534b1f4065','placed','2026-06-24 13:55:49','','West Bengal','',76.50,0.00,42.50,0,0.00,10,'cod',0.00,40.00,'bills/order_85_20260624_131050.pdf','pending',NULL,0.00,NULL,NULL,NULL,NULL,NULL,'delivery',NULL),(88,'ORD-0C428','Test Customer','9876543211','Plot number F-547 3rd floor Industrial Area, 8A, Sector 75, Sahibzada Ajit Singh Nagar, Punjab 160055, , West Bengal - , India',135.86,'pending','2026-06-24 11:43:44',2,'096dbf87909ea95fc2f02afd34cde6c0f0207f2a28d892051b1138d3dab2c917','placed','2026-06-24 14:28:44','','West Bengal','',15.30,0.00,8.50,0,0.00,3,'online',0.00,40.00,'bills/order_88_20260624_134345.pdf','pending',NULL,0.00,NULL,NULL,NULL,NULL,NULL,'delivery',NULL),(89,'ORD-3B9DB','Test Customer','9876543211','Plot number F-547 3rd floor Industrial Area, 8A, Sector 75, Sahibzada Ajit Singh Nagar, Punjab 160055, , West Bengal - , India',503.06,'pending','2026-06-24 11:48:35',2,'acfa281d9ab6f017f3263de656238c17f49280c9a67cd5573eec44c5bccb4b4f','placed','2026-06-24 14:33:35','','West Bengal','',76.50,0.00,42.50,0,0.00,10,'online',0.00,40.00,'bills/order_89_20260624_134836.pdf','pending',NULL,0.00,NULL,NULL,NULL,NULL,NULL,'delivery',NULL),(90,'ORD-049E7','Test Customer','9876543211','Plot number F-547 3rd floor Industrial Area, 8A, Sector 75, Sahibzada Ajit Singh Nagar, Punjab 160055, , West Bengal - , India',503.06,'pending','2026-06-24 12:12:32',2,'9d7e01f6a78181c68941a093238e48f282a9a3bffd97599a5a317ead30d30eaf','placed','2026-06-24 14:57:32','','West Bengal','',76.50,0.00,42.50,0,0.00,10,'online',0.00,40.00,'bills/order_90_20260624_141232.pdf','pending',NULL,0.00,NULL,NULL,NULL,NULL,NULL,'delivery',NULL),(91,'ORD-33359','Test Customer','9876543211','Plot number F-547 3rd floor Industrial Area, 8A, Sector 75, Sahibzada Ajit Singh Nagar, Punjab 160055, , West Bengal - , India',503.06,'pending','2026-06-24 12:25:23',2,'cf208483cfe8f5a765dd5a7af1ea953018967a8a7322cca1eb1b44051497c45f','placed','2026-06-24 15:10:23','','West Bengal','',76.50,0.00,42.50,0,0.00,10,'cod',0.00,40.00,'bills/order_91_20260624_142523.pdf','pending',NULL,0.00,NULL,NULL,NULL,NULL,NULL,'delivery',NULL),(92,'ORD-25577','Test Customer','9876543211','Plot number F-547 3rd floor Industrial Area, 8A, Sector 75, Sahibzada Ajit Singh Nagar, Punjab 160055, , West Bengal - , India',503.06,'pending','2026-06-24 12:26:42',2,'c5b34738a3c93d1d9ac5195c5355d47fad7ff027e7e9a6e76cd301458b3e155a','placed','2026-06-24 15:11:42','','West Bengal','',76.50,0.00,42.50,0,0.00,10,'cod',0.00,40.00,'bills/order_92_20260624_142642.pdf','pending',NULL,0.00,NULL,NULL,NULL,NULL,NULL,'delivery',NULL),(93,'ORD-7EFC4','Test Customer','9876543211','Plot number F-547 3rd floor Industrial Area, 8A, Sector 75, Sahibzada Ajit Singh Nagar, Punjab 160055, , West Bengal - , India',503.06,'preparing','2026-06-24 12:29:27',2,'6f24c817bc7fb43b5138aae70c63ae6a5acb7621bf54c421a826e62601282fb7','preparing','2026-06-24 15:14:27','','West Bengal','',76.50,0.00,42.50,0,0.00,10,'cod',0.00,40.00,'bills/order_93_20260624_142928.pdf','pending',NULL,0.00,NULL,NULL,NULL,NULL,NULL,'delivery',NULL),(94,'ORD-CA5ED','Test Customer','7814585430','Plot number F-547 3rd floor Industrial Area, 8A, Sector 75, Sahibzada Ajit Singh Nagar, Punjab 160055, , West Bengal - , India',503.06,'completed','2026-06-24 12:30:20',2,'132c23c92a9a3000baba8761abd405ffce1b1078d8c8e975d1798fd4153460c1','delivered','2026-06-24 15:15:20','','West Bengal','',76.50,0.00,42.50,0,0.00,10,'cod',0.00,40.00,'bills/order_94_20260624_143020.pdf','pending',NULL,0.00,NULL,NULL,NULL,NULL,NULL,'delivery',NULL),(95,'ORD-AEC9D','Test Customer','7814585430','Plot number F-547 3rd floor Industrial Area, 8A, Sector 75, Sahibzada Ajit Singh Nagar, Punjab 160055, , West Bengal - , India',503.06,'completed','2026-06-24 12:36:58',2,'9b98984091252b60d92fcae82c12a58b31c0d8dcd1982bcbe6843dac3dc33a3d','delivered','2026-06-24 15:21:58','','West Bengal','',76.50,0.00,42.50,0,0.00,10,'cod',0.00,40.00,'bills/order_95_20260624_143659.pdf','Delivered',NULL,0.00,30.69776304,76.68836875,NULL,NULL,'2026-06-26 07:43:24','delivery',NULL),(96,'ORD-1C0A7','Test Customer','9876543211','dfghjkhgfdsd, 25692, , West Bengal - , India',1199.66,'Out for Delivery','2026-06-25 07:22:10',NULL,NULL,'delivered',NULL,NULL,NULL,NULL,0.00,0.00,0.00,0,0.00,0,'Online',0.00,40.00,NULL,'Out for Delivery',NULL,0.00,30.69781390,76.68841653,NULL,NULL,'2026-06-26 11:57:57','delivery',NULL),(97,'ORD-9E595','Test Customer','9876543211','dfghjkhgfdsd, 25692, , West Bengal - , India',962.06,'completed','2026-06-26 02:24:11',NULL,NULL,'delivered',NULL,NULL,NULL,NULL,0.00,0.00,0.00,0,0.00,0,'Online',0.00,40.00,NULL,'pending',NULL,0.00,NULL,NULL,NULL,NULL,NULL,'delivery',NULL),(98,'ORD-F3ECD','Test Customer','7814585430','Plot No. 541, Sahibzada Ajit Singh Nagar, Sahibzada Ajit Singh Nagar, Punjab - 140307, India',1286.06,'completed','2026-06-29 08:23:59',2,'7e373e1b7c4f0fb1c5fc823567802893c4940e3239671f3084c8c4c27a1e5320','delivered','2026-06-29 11:08:59','Sahibzada Ajit Singh Nagar','Punjab','140307',207.00,0.00,115.00,0,0.00,26,'online',0.00,40.00,'bills/order_98_20260629_102400.pdf','pending',NULL,0.00,NULL,NULL,NULL,NULL,NULL,'delivery',NULL),(99,'ORD-BC0E3','Test Customer','7814585430','Plot No. 541, Sahibzada Ajit Singh Nagar, Sahibzada Ajit Singh Nagar, Punjab - 140307, India',503.06,'cancelled','2026-06-29 11:13:31',2,'04090398f9e49ea3ae0c38a9604c55a3b863508af7c3880ae5c9eded2b439aab','cancelled','2026-06-29 13:58:31','Sahibzada Ajit Singh Nagar','Punjab','140307',76.50,0.00,42.50,0,0.00,10,'online',0.00,40.00,'bills/order_99_20260629_131333.pdf','pending',NULL,0.00,NULL,NULL,NULL,NULL,NULL,'delivery',NULL),(100,'ORD-F9A46','Test Customer','7814585430','Plot No. 541, Sahibzada Ajit Singh Nagar, Sahibzada Ajit Singh Nagar, Punjab - 140307, India',503.06,'preparing','2026-06-29 11:15:27',2,'b5ff45cfadcd26b486bb1974167ff4a7503896cd9896ad9181053ce78d60f81e','preparing','2026-06-29 14:00:27','Sahibzada Ajit Singh Nagar','Punjab','140307',76.50,0.00,42.50,0,0.00,10,'cod',0.00,40.00,'bills/order_100_20260629_131527.pdf','pending',NULL,0.00,NULL,NULL,NULL,NULL,NULL,'delivery',NULL),(101,'ORD-75991','Test Customer','7814585430','Prime Tower Tower, Sahibzada Ajit Singh Nagar, Sahibzada Ajit Singh Nagar, Punjab - 140307, India',3521.66,'preparing','2026-06-30 04:47:51',2,'e25eb1a23dd468f63e0f3af762578bbecee939e0a42d421b4f7bfba9a3b59347','preparing','2026-06-30 07:32:51','Sahibzada Ajit Singh Nagar','Punjab','140307',579.60,0.00,322.00,0,0.00,70,'online',0.00,40.00,'bills/order_101_20260630_064752.pdf','pending',NULL,0.00,30.69778865,76.68833575,NULL,NULL,'2026-06-30 04:51:34','delivery',NULL),(102,'ORD-0C4CD','sonia Bhatt 12','7814585430','DSDFXSR, GRDTYR6, , West Bengal - , India',1389.26,'preparing','2026-06-23 15:30:10',NULL,NULL,'preparing',NULL,NULL,NULL,NULL,0.00,0.00,0.00,0,0.00,0,'Online',0.00,40.00,NULL,'pending',NULL,0.00,NULL,NULL,NULL,NULL,NULL,'delivery',NULL),(103,'ORD-9D028','Test Customer','7814585430','174, Kharar, Kharar, Punjab - 140301, India',605.41,'ready','2026-06-30 16:16:41',2,'b10933ad65faf4d063def47287e1b9a75cf4649e77edcb325c8142f1ff485e2e','out_for_delivery','2026-06-30 19:01:41','Kharar','Punjab','140301',98.10,0.00,81.75,0,0.00,12,'cod',0.00,40.00,'bills/order_103_20260630_181642.pdf','pending',NULL,0.00,30.75340267,76.64071952,NULL,NULL,'2026-06-30 16:28:50','delivery',NULL),(104,'ORD-46D0E','Test Customer','7814585430','174, Kharar, Kharar, Punjab - 140301, India',481.81,'pending','2026-06-30 16:39:32',2,'70439d55e7e39f4c6ebc84bb6024a87133d47b1ab2f13d3410155ed9dc4ef3ba','placed','2026-06-30 19:24:32','Kharar','Punjab','140301',76.50,0.00,63.75,0,0.00,10,'cod',0.00,40.00,'bills/order_104_20260630_183932.pdf','pending',NULL,0.00,30.75330942,76.64075903,NULL,NULL,'2026-06-30 17:33:54','delivery',NULL),(105,'ORD-B4D0B','Test Customer','7814585430','GTB Nagar Road, Sahibzada Ajit Singh Nagar, Sahibzada Ajit Singh Nagar, Punjab - 140301, India',481.81,'cancelled','2026-06-30 17:33:31',2,'22d9493a4debab93c5de5357abcdc5ae1ed0b3b029ed7f51fa72dba78fe28bce','out_for_delivery','2026-06-30 20:23:40','Sahibzada Ajit Singh Nagar','Punjab','140301',76.50,0.00,63.75,0,0.00,10,'cod',0.00,40.00,'bills/order_105_20260630_193331.pdf','cancelled',NULL,0.00,30.75324324,76.64078409,NULL,NULL,'2026-06-30 18:20:38','delivery','Delivery Address Not Found');
/*!40000 ALTER TABLE `orders` ENABLE KEYS */;
UNLOCK TABLES;

--
-- Table structure for table `promotions`
--

DROP TABLE IF EXISTS `promotions`;
/*!40101 SET @saved_cs_client     = @@character_set_client */;
/*!40101 SET character_set_client = utf8 */;
CREATE TABLE `promotions` (
  `id` int(11) NOT NULL AUTO_INCREMENT,
  `title` varchar(200) NOT NULL,
  `description` text DEFAULT NULL,
  `coupon_code` varchar(50) DEFAULT NULL,
  `discount_value` decimal(10,2) DEFAULT NULL,
  `emoji` varchar(10) DEFAULT '?',
  `valid_from` datetime NOT NULL DEFAULT current_timestamp(),
  `valid_until` datetime NOT NULL,
  `is_active` tinyint(1) NOT NULL DEFAULT 1,
  `show_popup` tinyint(1) NOT NULL DEFAULT 1,
  `created_at` timestamp NOT NULL DEFAULT current_timestamp(),
  PRIMARY KEY (`id`)
) ENGINE=InnoDB AUTO_INCREMENT=2 DEFAULT CHARSET=utf8mb4 COLLATE=utf8mb4_general_ci;
/*!40101 SET character_set_client = @saved_cs_client */;

--
-- Dumping data for table `promotions`
--

LOCK TABLES `promotions` WRITE;
/*!40000 ALTER TABLE `promotions` DISABLE KEYS */;
INSERT INTO `promotions` VALUES (1,'Weekend Special! 🎉','Get 10% off all orders this weekend. Limited time only!','WEEKEND10',10.00,'🎉','2026-07-01 12:31:24','2026-07-04 12:31:24',1,1,'2026-07-01 07:01:24');
/*!40000 ALTER TABLE `promotions` ENABLE KEYS */;
UNLOCK TABLES;

--
-- Table structure for table `reservations`
--

DROP TABLE IF EXISTS `reservations`;
/*!40101 SET @saved_cs_client     = @@character_set_client */;
/*!40101 SET character_set_client = utf8 */;
CREATE TABLE `reservations` (
  `id` int(11) NOT NULL AUTO_INCREMENT,
  `customer_name` varchar(255) NOT NULL,
  `customer_phone` varchar(20) NOT NULL,
  `guests` int(11) NOT NULL,
  `reservation_date` date NOT NULL,
  `reservation_time` time NOT NULL,
  `special_request` text DEFAULT NULL,
  `status` varchar(50) DEFAULT 'pending',
  `created_at` timestamp NOT NULL DEFAULT current_timestamp(),
  PRIMARY KEY (`id`)
) ENGINE=InnoDB AUTO_INCREMENT=5 DEFAULT CHARSET=utf8mb4 COLLATE=utf8mb4_general_ci;
/*!40101 SET character_set_client = @saved_cs_client */;

--
-- Dumping data for table `reservations`
--

LOCK TABLES `reservations` WRITE;
/*!40000 ALTER TABLE `reservations` DISABLE KEYS */;
INSERT INTO `reservations` VALUES (1,'Vikram Malhotra','9876543230',4,'2026-05-27','19:30:00','Window seat preferred','confirmed','2026-06-09 18:09:26'),(2,'Shreya Ghoshal','9876543231',2,'2026-05-27','21:00:00','Birthday celebration','pending','2026-06-09 18:09:26'),(3,'Abhishek Bachchan','9876543232',8,'2026-05-28','20:00:00','Quiet booth area','confirmed','2026-06-09 18:09:26'),(4,'Ranbir Kapoor','9876543233',2,'2026-05-28','22:30:00','Vegetarian food menu only','pending','2026-06-09 18:09:26');
/*!40000 ALTER TABLE `reservations` ENABLE KEYS */;
UNLOCK TABLES;

--
-- Table structure for table `reward_points`
--

DROP TABLE IF EXISTS `reward_points`;
/*!40101 SET @saved_cs_client     = @@character_set_client */;
/*!40101 SET character_set_client = utf8 */;
CREATE TABLE `reward_points` (
  `user_id` int(11) NOT NULL,
  `points_earned` int(11) DEFAULT 0,
  `points_redeemed` int(11) DEFAULT 0,
  `points_deducted` int(11) DEFAULT 0,
  `current_balance` int(11) DEFAULT 0,
  PRIMARY KEY (`user_id`)
) ENGINE=InnoDB DEFAULT CHARSET=utf8mb4 COLLATE=utf8mb4_general_ci;
/*!40101 SET character_set_client = @saved_cs_client */;

--
-- Dumping data for table `reward_points`
--

LOCK TABLES `reward_points` WRITE;
/*!40000 ALTER TABLE `reward_points` DISABLE KEYS */;
INSERT INTO `reward_points` VALUES (1,0,0,0,0),(2,2046,1469,0,577),(3,0,0,0,0),(9,0,0,0,0),(10,0,0,0,0),(12,192,0,0,192);
/*!40000 ALTER TABLE `reward_points` ENABLE KEYS */;
UNLOCK TABLES;

--
-- Table structure for table `subscribers`
--

DROP TABLE IF EXISTS `subscribers`;
/*!40101 SET @saved_cs_client     = @@character_set_client */;
/*!40101 SET character_set_client = utf8 */;
CREATE TABLE `subscribers` (
  `id` int(11) NOT NULL AUTO_INCREMENT,
  `email` varchar(255) NOT NULL,
  `subscribed_at` timestamp NOT NULL DEFAULT current_timestamp(),
  PRIMARY KEY (`id`),
  UNIQUE KEY `email` (`email`)
) ENGINE=InnoDB AUTO_INCREMENT=6 DEFAULT CHARSET=utf8mb4 COLLATE=utf8mb4_general_ci;
/*!40101 SET character_set_client = @saved_cs_client */;

--
-- Dumping data for table `subscribers`
--

LOCK TABLES `subscribers` WRITE;
/*!40000 ALTER TABLE `subscribers` DISABLE KEYS */;
INSERT INTO `subscribers` VALUES (1,'mehakdhiman296@gmail.com','2026-06-24 18:38:14'),(2,'test!1@gmail.com','2026-06-24 19:09:34'),(3,'hi@gmail.com','2026-06-25 05:30:01'),(4,'testers12@gmail.com','2026-06-25 05:43:57'),(5,'tester1@gmail.com','2026-06-25 05:45:46');
/*!40000 ALTER TABLE `subscribers` ENABLE KEYS */;
UNLOCK TABLES;

--
-- Table structure for table `support_requests`
--

DROP TABLE IF EXISTS `support_requests`;
/*!40101 SET @saved_cs_client     = @@character_set_client */;
/*!40101 SET character_set_client = utf8 */;
CREATE TABLE `support_requests` (
  `id` int(11) NOT NULL AUTO_INCREMENT,
  `user_id` int(11) DEFAULT NULL,
  `subject` varchar(255) NOT NULL,
  `message` text NOT NULL,
  `status` varchar(20) DEFAULT 'open',
  `created_at` timestamp NOT NULL DEFAULT current_timestamp(),
  PRIMARY KEY (`id`),
  KEY `fk_support_requests_users` (`user_id`)
) ENGINE=InnoDB AUTO_INCREMENT=2 DEFAULT CHARSET=utf8mb4 COLLATE=utf8mb4_general_ci;
/*!40101 SET character_set_client = @saved_cs_client */;

--
-- Dumping data for table `support_requests`
--

LOCK TABLES `support_requests` WRITE;
/*!40000 ALTER TABLE `support_requests` DISABLE KEYS */;
INSERT INTO `support_requests` VALUES (1,2,'Private Table Query','Do you allow private rooms booking?','open','2026-06-06 13:31:18');
/*!40000 ALTER TABLE `support_requests` ENABLE KEYS */;
UNLOCK TABLES;

--
-- Table structure for table `table_bookings`
--

DROP TABLE IF EXISTS `table_bookings`;
/*!40101 SET @saved_cs_client     = @@character_set_client */;
/*!40101 SET character_set_client = utf8 */;
CREATE TABLE `table_bookings` (
  `id` int(11) NOT NULL AUTO_INCREMENT,
  `user_id` int(11) DEFAULT NULL,
  `customer_name` varchar(255) NOT NULL,
  `customer_email` varchar(255) NOT NULL,
  `customer_phone` varchar(50) NOT NULL,
  `booking_date` date NOT NULL,
  `booking_time` time NOT NULL,
  `guests` int(11) NOT NULL,
  `table_number` varchar(50) DEFAULT NULL,
  `special_requests` text DEFAULT NULL,
  `venue_name` varchar(255) NOT NULL DEFAULT 'Medusa',
  `venue_address` varchar(255) NOT NULL DEFAULT 'Chandigarh, India',
  `venue_phone` varchar(50) NOT NULL DEFAULT '+91 98765 43210',
  `status` varchar(50) NOT NULL DEFAULT 'confirmed',
  `created_at` timestamp NOT NULL DEFAULT current_timestamp(),
  PRIMARY KEY (`id`),
  KEY `user_id` (`user_id`)
) ENGINE=InnoDB AUTO_INCREMENT=10 DEFAULT CHARSET=utf8mb4 COLLATE=utf8mb4_general_ci;
/*!40101 SET character_set_client = @saved_cs_client */;

--
-- Dumping data for table `table_bookings`
--

LOCK TABLES `table_bookings` WRITE;
/*!40000 ALTER TABLE `table_bookings` DISABLE KEYS */;
INSERT INTO `table_bookings` VALUES (1,NULL,'Jane Doe Booking','janedoe_test_7799@gmail.com','9876543224','2026-06-15','19:30:00',4,'T05','Window seat request, celebrating birthday','Medusa','Chandigarh, India','+91 98765 43210','confirmed','2026-06-06 08:17:49'),(2,3,'Piyush Sharma','piyush@example.com','9876543212','2026-06-20','19:30:00',2,'VIP-1','Anniversary celebration','Medusa Lounge - Downtown','123 Medusa Lane, New York, NY 10001','+91 94272 72798','confirmed','2026-06-17 20:21:02'),(3,3,'Piyush Sharma','piyush@example.com','9876543212','2026-06-20','19:30:00',2,'VIP-1','Anniversary celebration','Medusa Lounge - Downtown','123 Medusa Lane, New York, NY 10001','+91 94272 72798','confirmed','2026-06-17 20:22:41'),(8,2,'R','customer@example.com','1234567890','2026-06-20','11:19:00',4,'01 (Square Table, 4 seats)','Preferred table: 01 (Square Table, 4 seats)','Medusa','SCO 44,45, District One Market, Sector 68, Sahibzada Ajit Singh Nagar, Punjab 140308','+91 94272 72798','confirmed','2026-06-18 10:46:15'),(9,2,'xgfgsh','customer@example.com','gfjsfth','2026-06-24','18:00:00',4,'01 (Square Table, 4 seats)','Preferred table: 01 (Square Table, 4 seats)','Medusa','SCO 44,45, District One Market, Sector 68, Sahibzada Ajit Singh Nagar, Punjab 140308','+91 94272 72798','confirmed','2026-06-24 12:20:02');
/*!40000 ALTER TABLE `table_bookings` ENABLE KEYS */;
UNLOCK TABLES;

--
-- Table structure for table `table_reservations`
--

DROP TABLE IF EXISTS `table_reservations`;
/*!40101 SET @saved_cs_client     = @@character_set_client */;
/*!40101 SET character_set_client = utf8 */;
CREATE TABLE `table_reservations` (
  `id` int(11) NOT NULL AUTO_INCREMENT,
  `table_code` varchar(20) NOT NULL,
  `customer_name` varchar(100) NOT NULL,
  `customer_phone` varchar(15) NOT NULL,
  `reservation_time` datetime NOT NULL,
  `status` varchar(20) DEFAULT 'active' COMMENT 'active, completed, cancelled',
  `created_at` timestamp NOT NULL DEFAULT current_timestamp(),
  PRIMARY KEY (`id`)
) ENGINE=InnoDB DEFAULT CHARSET=utf8mb4 COLLATE=utf8mb4_general_ci;
/*!40101 SET character_set_client = @saved_cs_client */;

--
-- Dumping data for table `table_reservations`
--

LOCK TABLES `table_reservations` WRITE;
/*!40000 ALTER TABLE `table_reservations` DISABLE KEYS */;
/*!40000 ALTER TABLE `table_reservations` ENABLE KEYS */;
UNLOCK TABLES;

--
-- Table structure for table `tier_history`
--

DROP TABLE IF EXISTS `tier_history`;
/*!40101 SET @saved_cs_client     = @@character_set_client */;
/*!40101 SET character_set_client = utf8 */;
CREATE TABLE `tier_history` (
  `id` int(11) NOT NULL AUTO_INCREMENT,
  `user_id` int(11) NOT NULL,
  `previous_tier_id` int(11) NOT NULL,
  `new_tier_id` int(11) NOT NULL,
  `change_date` timestamp NOT NULL DEFAULT current_timestamp(),
  `reason` varchar(255) NOT NULL,
  PRIMARY KEY (`id`),
  KEY `fk_history_users` (`user_id`)
) ENGINE=InnoDB AUTO_INCREMENT=4 DEFAULT CHARSET=utf8mb4 COLLATE=utf8mb4_general_ci;
/*!40101 SET character_set_client = @saved_cs_client */;

--
-- Dumping data for table `tier_history`
--

LOCK TABLES `tier_history` WRITE;
/*!40000 ALTER TABLE `tier_history` DISABLE KEYS */;
INSERT INTO `tier_history` VALUES (1,2,1,2,'2026-06-08 11:01:03','Spending threshold met'),(2,2,2,3,'2026-06-08 12:13:51','Spending threshold met'),(3,2,1,2,'2026-06-30 04:47:52','Spending threshold met');
/*!40000 ALTER TABLE `tier_history` ENABLE KEYS */;
UNLOCK TABLES;

--
-- Table structure for table `user_addresses`
--

DROP TABLE IF EXISTS `user_addresses`;
/*!40101 SET @saved_cs_client     = @@character_set_client */;
/*!40101 SET character_set_client = utf8 */;
CREATE TABLE `user_addresses` (
  `id` int(11) NOT NULL AUTO_INCREMENT,
  `user_id` int(11) NOT NULL,
  `first_name` varchar(50) NOT NULL,
  `last_name` varchar(50) NOT NULL,
  `phone` varchar(15) NOT NULL,
  `email` varchar(100) NOT NULL,
  `country` varchar(100) NOT NULL,
  `street` varchar(255) NOT NULL,
  `apartment` varchar(255) DEFAULT NULL,
  `city` varchar(100) NOT NULL,
  `state` varchar(100) NOT NULL,
  `zip` varchar(20) NOT NULL,
  `is_default` tinyint(1) DEFAULT 0,
  `created_at` timestamp NOT NULL DEFAULT current_timestamp(),
  PRIMARY KEY (`id`),
  KEY `user_id` (`user_id`)
) ENGINE=InnoDB AUTO_INCREMENT=3 DEFAULT CHARSET=utf8mb4 COLLATE=utf8mb4_general_ci;
/*!40101 SET character_set_client = @saved_cs_client */;

--
-- Dumping data for table `user_addresses`
--

LOCK TABLES `user_addresses` WRITE;
/*!40000 ALTER TABLE `user_addresses` DISABLE KEYS */;
INSERT INTO `user_addresses` VALUES (1,2,'Test Customer','','9876543211','customer@example.com','India','Plot number F-547 3rd floor Industrial Area, 8A, Sector 75, Sahibzada Ajit Singh Nagar, Punjab 160055','','','West Bengal','',0,'2026-06-23 16:26:09'),(2,2,'Test Customer','','7814585430','customer@example.com','India','Plot number F-547 3rd floor Industrial Area, 8A, Sector 75, Sahibzada Ajit Singh Nagar, Punjab 160055','','','West Bengal','',0,'2026-06-24 12:30:20');
/*!40000 ALTER TABLE `user_addresses` ENABLE KEYS */;
UNLOCK TABLES;

--
-- Table structure for table `user_liquor_quota`
--

DROP TABLE IF EXISTS `user_liquor_quota`;
/*!40101 SET @saved_cs_client     = @@character_set_client */;
/*!40101 SET character_set_client = utf8 */;
CREATE TABLE `user_liquor_quota` (
  `id` int(11) NOT NULL AUTO_INCREMENT,
  `user_id` int(11) NOT NULL,
  `food_item_id` int(11) NOT NULL,
  `item_name` varchar(255) NOT NULL,
  `total_pegs` int(11) DEFAULT 0,
  `created_at` timestamp NOT NULL DEFAULT current_timestamp(),
  `updated_at` timestamp NOT NULL DEFAULT current_timestamp() ON UPDATE current_timestamp(),
  PRIMARY KEY (`id`),
  UNIQUE KEY `user_item` (`user_id`,`food_item_id`),
  KEY `fk_quota_items` (`food_item_id`)
) ENGINE=InnoDB AUTO_INCREMENT=4 DEFAULT CHARSET=utf8mb4 COLLATE=utf8mb4_general_ci;
/*!40101 SET character_set_client = @saved_cs_client */;

--
-- Dumping data for table `user_liquor_quota`
--

LOCK TABLES `user_liquor_quota` WRITE;
/*!40000 ALTER TABLE `user_liquor_quota` DISABLE KEYS */;
INSERT INTO `user_liquor_quota` VALUES (1,2,99,'Johnnie Walker Black Label',31,'2026-06-08 12:04:24','2026-06-29 10:45:21'),(2,2,103,'Hendrick\'s Artisanal Gin',21,'2026-06-08 12:19:06','2026-06-29 10:57:40'),(3,12,99,'Johnnie Walker Black Label',7,'2026-06-09 11:00:01','2026-06-09 12:58:50');
/*!40000 ALTER TABLE `user_liquor_quota` ENABLE KEYS */;
UNLOCK TABLES;

--
-- Table structure for table `user_notifications`
--

DROP TABLE IF EXISTS `user_notifications`;
/*!40101 SET @saved_cs_client     = @@character_set_client */;
/*!40101 SET character_set_client = utf8 */;
CREATE TABLE `user_notifications` (
  `id` int(11) NOT NULL AUTO_INCREMENT,
  `user_id` int(11) NOT NULL,
  `title` varchar(100) NOT NULL,
  `message` text NOT NULL,
  `is_read` tinyint(1) DEFAULT 0,
  `created_at` timestamp NOT NULL DEFAULT current_timestamp(),
  PRIMARY KEY (`id`),
  KEY `fk_notifications_users` (`user_id`)
) ENGINE=InnoDB AUTO_INCREMENT=37 DEFAULT CHARSET=utf8mb4 COLLATE=utf8mb4_general_ci;
/*!40101 SET character_set_client = @saved_cs_client */;

--
-- Dumping data for table `user_notifications`
--

LOCK TABLES `user_notifications` WRITE;
/*!40000 ALTER TABLE `user_notifications` DISABLE KEYS */;
INSERT INTO `user_notifications` VALUES (1,2,'Order Placed Successfully','Your order #ORD-136FD has been placed successfully and is being processed.',1,'2026-06-23 16:26:10'),(2,2,'Order Placed Successfully','Your order #ORD-46F09 has been placed successfully and is being processed.',1,'2026-06-23 17:12:36'),(3,2,'Order Placed Successfully','Your order #ORD-032A9 has been placed successfully and is being processed.',1,'2026-06-23 17:18:08'),(4,2,'Order Placed Successfully','Your order #ORD-35CAC has been placed successfully and is being processed.',1,'2026-06-23 17:28:03'),(5,2,'Order Placed Successfully','Your order #ORD-69DCB has been placed successfully and is being processed.',1,'2026-06-23 17:28:38'),(6,2,'Order Placed Successfully','Your order #ORD-88F15 has been placed successfully and is being processed.',1,'2026-06-23 17:31:36'),(7,2,'Order Placed Successfully','Your order #ORD-F82BE has been placed successfully and is being processed.',1,'2026-06-23 17:33:35'),(8,2,'Order Placed Successfully','Your order #ORD-63232 has been placed successfully and is being processed.',1,'2026-06-23 17:50:46'),(9,2,'Order Placed Successfully','Your order #ORD-F5B4C has been placed successfully and is being processed.',1,'2026-06-23 18:49:35'),(10,2,'Order Placed Successfully','Your order #ORD-D3194 has been placed successfully and is being processed.',1,'2026-06-24 10:12:13'),(11,2,'Order Placed Successfully','Your order #ORD-6AA65 has been placed successfully and is being processed.',1,'2026-06-24 11:02:30'),(12,2,'Order Placed Successfully','Your order #ORD-9E1A6 has been placed successfully and is being processed.',1,'2026-06-24 11:10:50'),(13,2,'Order Placed Successfully','Your order #ORD-0C428 has been placed successfully and is being processed.',1,'2026-06-24 11:43:45'),(14,2,'Order Placed Successfully','Your order #ORD-3B9DB has been placed successfully and is being processed.',1,'2026-06-24 11:48:36'),(15,2,'Order Placed Successfully','Your order #ORD-049E7 has been placed successfully and is being processed.',1,'2026-06-24 12:12:32'),(16,2,'Order Placed Successfully','Your order #ORD-33359 has been placed successfully and is being processed.',1,'2026-06-24 12:25:23'),(17,2,'Order Placed Successfully','Your order #ORD-25577 has been placed successfully and is being processed.',1,'2026-06-24 12:26:42'),(18,2,'Order Placed Successfully','Your order #ORD-7EFC4 has been placed successfully and is being processed.',1,'2026-06-24 12:29:28'),(19,2,'Order Placed Successfully','Your order #ORD-CA5ED has been placed successfully and is being processed.',1,'2026-06-24 12:30:20'),(20,2,'Order Placed Successfully','Your order #ORD-AEC9D has been placed successfully and is being processed.',1,'2026-06-24 12:36:59'),(21,2,'Order Arriving','Your order #ORD-AEC9D is out for delivery and arriving soon.',1,'2026-06-25 08:36:27'),(22,2,'Order Delivered','Your order #ORD-CA5ED has been successfully delivered. Enjoy your meal!',1,'2026-06-26 07:23:00'),(23,2,'Order Delivered','Your order #ORD-AEC9D has been successfully delivered. Enjoy your meal!',1,'2026-06-26 07:44:15'),(24,2,'Order Arriving','Your order #ORD-88F15 is out for delivery and arriving soon.',1,'2026-06-29 06:08:32'),(25,2,'Order Placed Successfully','Your order #ORD-F3ECD has been placed successfully and is being processed.',1,'2026-06-29 08:24:01'),(26,2,'Order Arriving','Your order #ORD-F3ECD is out for delivery and arriving soon.',1,'2026-06-29 08:26:34'),(27,2,'Order Delivered','Your order #ORD-F3ECD has been successfully delivered. Enjoy your meal!',1,'2026-06-29 08:27:22'),(28,2,'Order Placed Successfully','Your order #ORD-BC0E3 has been placed successfully and is being processed.',1,'2026-06-29 11:13:33'),(29,2,'Order Placed Successfully','Your order #ORD-F9A46 has been placed successfully and is being processed.',1,'2026-06-29 11:15:27'),(30,2,'Loyalty Tier Upgraded!','Congratulations! Your lifetime spend has reached ₹27,404.64. You have been promoted to the Silver tier, giving you a Silver tier discount of 15% on future orders.',1,'2026-06-30 04:47:52'),(31,2,'Order Placed Successfully','Your order #ORD-75991 has been placed successfully and is being processed.',1,'2026-06-30 04:47:52'),(32,2,'Order Placed Successfully','Your order #ORD-9D028 has been placed successfully and is being processed.',1,'2026-06-30 16:16:42'),(33,2,'Order Arriving','Your order #ORD-9D028 is out for delivery and arriving soon.',1,'2026-06-30 16:18:41'),(34,2,'Order Placed Successfully','Your order #ORD-46D0E has been placed successfully and is being processed.',1,'2026-06-30 16:39:32'),(35,2,'Order Placed Successfully','Your order #ORD-B4D0B has been placed successfully and is being processed.',1,'2026-06-30 17:33:31'),(36,2,'Order Arriving','Your order #ORD-B4D0B is out for delivery and arriving soon.',1,'2026-06-30 17:34:50');
/*!40000 ALTER TABLE `user_notifications` ENABLE KEYS */;
UNLOCK TABLES;

--
-- Table structure for table `user_settings`
--

DROP TABLE IF EXISTS `user_settings`;
/*!40101 SET @saved_cs_client     = @@character_set_client */;
/*!40101 SET character_set_client = utf8 */;
CREATE TABLE `user_settings` (
  `user_id` int(11) NOT NULL,
  `email_notifications` tinyint(1) DEFAULT 1,
  `sms_notifications` tinyint(1) DEFAULT 1,
  `promotional_offers` tinyint(1) DEFAULT 1,
  `privacy_mode` tinyint(1) DEFAULT 0,
  `language` varchar(10) DEFAULT 'en',
  `theme` varchar(10) DEFAULT 'dark',
  PRIMARY KEY (`user_id`)
) ENGINE=InnoDB DEFAULT CHARSET=utf8mb4 COLLATE=utf8mb4_general_ci;
/*!40101 SET character_set_client = @saved_cs_client */;

--
-- Dumping data for table `user_settings`
--

LOCK TABLES `user_settings` WRITE;
/*!40000 ALTER TABLE `user_settings` DISABLE KEYS */;
INSERT INTO `user_settings` VALUES (2,0,1,1,0,'en','light');
/*!40000 ALTER TABLE `user_settings` ENABLE KEYS */;
UNLOCK TABLES;

--
-- Table structure for table `users`
--

DROP TABLE IF EXISTS `users`;
/*!40101 SET @saved_cs_client     = @@character_set_client */;
/*!40101 SET character_set_client = utf8 */;
CREATE TABLE `users` (
  `id` int(11) NOT NULL AUTO_INCREMENT,
  `full_name` varchar(100) NOT NULL DEFAULT '',
  `email` varchar(100) DEFAULT NULL,
  `password` varchar(255) NOT NULL,
  `phone` varchar(15) DEFAULT NULL,
  `role` enum('customer','admin','driver') DEFAULT 'customer',
  `created_at` timestamp NOT NULL DEFAULT current_timestamp(),
  `session_token` varchar(64) DEFAULT NULL,
  `current_tier_id` int(11) DEFAULT NULL,
  `address` text DEFAULT NULL,
  `city` varchar(100) DEFAULT NULL,
  `state` varchar(100) DEFAULT NULL,
  `pincode` varchar(20) DEFAULT NULL,
  `last_inactivity_email_sent` date DEFAULT NULL,
  `email_otp` varchar(10) DEFAULT NULL,
  `phone_otp` varchar(10) DEFAULT NULL,
  `otp_expires_at` datetime DEFAULT NULL,
  `is_email_verified` tinyint(1) DEFAULT 0,
  `is_phone_verified` tinyint(1) DEFAULT 0,
  `dob` date DEFAULT NULL,
  `preferred_ambience` varchar(100) DEFAULT 'Lounge, Live Music',
  `google_id` varchar(100) DEFAULT NULL,
  `facebook_id` varchar(100) DEFAULT NULL,
  `apple_id` varchar(100) DEFAULT NULL,
  `two_factor_enabled` tinyint(1) NOT NULL DEFAULT 0,
  `two_factor_otp` varchar(10) DEFAULT NULL,
  `two_factor_expires_at` datetime DEFAULT NULL,
  `recovery_email` varchar(255) DEFAULT NULL,
  PRIMARY KEY (`id`),
  UNIQUE KEY `email` (`email`)
) ENGINE=InnoDB AUTO_INCREMENT=10 DEFAULT CHARSET=utf8mb4 COLLATE=utf8mb4_general_ci;
/*!40101 SET character_set_client = @saved_cs_client */;

--
-- Dumping data for table `users`
--

LOCK TABLES `users` WRITE;
/*!40000 ALTER TABLE `users` DISABLE KEYS */;
INSERT INTO `users` VALUES (1,'System Admin','admin@example.com','$2y$10$rRRN5vJIWZltYTywQAgxReBWCWazX1HeadB7ktTjAdxGceY8QJQoG','9876543210','admin','2026-06-09 18:09:25','0588ee011f72c855ea18e28fc4abfcf7390622638f02d07de1680b2274baddc8',NULL,NULL,NULL,NULL,NULL,NULL,NULL,NULL,NULL,0,0,NULL,'Lounge, Live Music',NULL,NULL,NULL,1,NULL,NULL,NULL),(2,'Test Customer','customer@example.com','$2y$10$hdslkG6tN7/j4ja6N63Js.3ImHeNwDwYZ0T5eAhBiqIq7MrGVWHYa','7814585430','customer','2026-06-09 18:09:25','5a7c84851bd9ca25e9dd726003a1fdc135c005d48200ede7951dd348bd7d8fe7',2,NULL,NULL,NULL,NULL,NULL,'719297','333319','2026-06-24 14:37:47',0,0,NULL,'',NULL,NULL,NULL,1,'508427','2026-06-23 07:02:55',NULL),(3,'Piyush Sharma','piyush@example.com','$2y$10$hdslkG6tN7/j4ja6N63Js.3ImHeNwDwYZ0T5eAhBiqIq7MrGVWHYa','9876543212','customer','2026-06-09 18:09:25',NULL,NULL,NULL,NULL,NULL,NULL,NULL,NULL,NULL,NULL,0,0,NULL,'Lounge, Live Music',NULL,NULL,NULL,0,NULL,NULL,NULL),(9,'driver','driver@example.com','$2y$10$LeHU1auJfqBrSIZOTMzzG.AqP5uphedtOFA7XhZrspTg7NqzXV6mu','0132456789','driver','2026-06-25 06:02:14','7371f13e9ce2d2188b390001a0a2848223068400154138aefc660bf2f2263c43',NULL,'','','','',NULL,NULL,NULL,NULL,1,1,NULL,'Lounge, Live Music',NULL,NULL,NULL,0,NULL,NULL,NULL);
/*!40000 ALTER TABLE `users` ENABLE KEYS */;
UNLOCK TABLES;
/*!40103 SET TIME_ZONE=@OLD_TIME_ZONE */;

/*!40101 SET SQL_MODE=@OLD_SQL_MODE */;
/*!40014 SET FOREIGN_KEY_CHECKS=@OLD_FOREIGN_KEY_CHECKS */;
/*!40014 SET UNIQUE_CHECKS=@OLD_UNIQUE_CHECKS */;
/*!40101 SET CHARACTER_SET_CLIENT=@OLD_CHARACTER_SET_CLIENT */;
/*!40101 SET CHARACTER_SET_RESULTS=@OLD_CHARACTER_SET_RESULTS */;
/*!40101 SET COLLATION_CONNECTION=@OLD_COLLATION_CONNECTION */;
/*!40111 SET SQL_NOTES=@OLD_SQL_NOTES */;

-- Dump completed on 2026-07-01 13:53:20
